{
  "autoloads": [
	{
	  "class": "Node",
	  "name": "FactionManager",
	  "script_path": "res://scripts/autoload/FactionManagerA.gd"
	},
	{
	  "class": "Node",
	  "name": "QuestState",
	  "script_path": "res://scripts/autoload/QuestStateA.gd"
	},
	{
	  "class": "Node",
	  "name": "CombatBus",
	  "script_path": "res://scripts/autoload/CombatBusA.gd"
	}
  ],
  "camera": {
	"path": "/root/Main/Player/Camera2D",
	"script_path": "res://scripts/fx/CameraCursorFocus2D.gd",
	"zoom": [
	  1.0,
	  1.0
	]
  },
  "counts": {
	"autoloads": 3,
	"custom_actions": 9,
	"enemies": 6,
	"npcs": 3,
	"weapons": 1
  },
  "crosshair": {
	"count": 1,
	"nodes": [
	  "/root/Main/HUD/Crosshair"
	]
  },
  "data": {
	"dialogue": {
	  "Rust": {
		"default": "Keep your head down.",
		"lines": [
		  "New face, eh? You’re either with someone… or you’re in trouble.",
		  "Make yourself useful and folks around here will notice."
		]
	  },
	  "Scrapjack": {
		"after_complete": "Already told Vex you’re okay.",
		"ask": "Bring me a coil fragment and I’ll put in a good word.",
		"on_complete_rep": [
		  "ScavengerSyndicate",
		  1.0
		],
		"on_complete_text": "Perfect. I’ll tell the gatekeeper you’re alright."
	  },
	  "WardenVex": {
		"allowed": "Word is you’ve earned your place. Gate’s open.",
		"denied": "Gate’s shut. Make yourself useful and come back."
	  }
	},
	"factions": {
	  "MerchantCircle": {
		"display": "Merchant’s Circle",
		"max": 5.0,
		"min": -5.0,
		"start": 0.0
	  },
	  "ScavengerSyndicate": {
		"display": "Scavenger Syndicate",
		"max": 5.0,
		"min": -5.0,
		"start": 0.0
	  }
	}
  },
  "fs_tree": {
	"children": [
	  {
		"children": [
		  {
			"children": [
			  {
				"files": [
				  "enemy_frames.tres",
				  "npc_frames.tres",
				  "raider_spritesheet_64_3x4.png",
				  "raider_spritesheet_64_3x4.png.import",
				  "scrapjack_spritesheet_64_3x4.png",
				  "scrapjack_spritesheet_64_3x4.png.import"
				],
				"path": "res://art/sprites/npc",
				"subdirs": []
			  },
			  {
				"files": [
				  "player_frames.tres",
				  "wanderer_spritesheet_64_3x4.png",
				  "wanderer_spritesheet_64_3x4.png.import"
				],
				"path": "res://art/sprites/player",
				"subdirs": []
			  }
			],
			"files": [],
			"path": "res://art/sprites"
		  },
		  {
			"children": [],
			"files": [
			  "scrapspire_tiles_64.png",
			  "scrapspire_tiles_64.png.import",
			  "scrapspire_tileset.tres"
			],
			"path": "res://art/tiles"
		  },
		  {
			"children": [],
			"files": [
			  "crosshair_24.png",
			  "crosshair_24.png.import",
			  "scrapspire_panel_9patch.png",
			  "scrapspire_panel_9patch.png.import"
			],
			"path": "res://art/ui"
		  }
		],
		"files": [],
		"path": "res://art"
	  },
	  {
		"children": [],
		"files": [
		  "dialogue.json",
		  "factions.json"
		],
		"path": "res://data"
	  },
	  {
		"children": [
		  {
			"children": [],
			"files": [
			  "Enemy.tscn",
			  "Gatekeeper.tscn",
			  "NPC.tscn",
			  "Player.tscn"
			],
			"path": "res://scenes/actors"
		  },
		  {
			"children": [],
			"files": [
			  "DummyTarget.tscn",
			  "WeaponPistol.tscn",
			  "WeaponPistol_new.tscn"
			],
			"path": "res://scenes/combat"
		  },
		  {
			"children": [],
			"files": [
			  "Main.tscn"
			],
			"path": "res://scenes/main"
		  },
		  {
			"children": [],
			"files": [
			  "DialogueBox.tscn"
			],
			"path": "res://scenes/ui"
		  },
		  {
			"children": [],
			"files": [
			  "CoilPickup.tscn",
			  "GateBlocker.tscn",
			  "Outpost.tscn"
			],
			"path": "res://scenes/world"
		  }
		],
		"files": [],
		"path": "res://scenes"
	  },
	  {
		"children": [
		  {
			"children": [],
			"files": [
			  "Enemy.gd",
			  "Enemy.gd.uid",
			  "Gatekeeper.gd",
			  "Gatekeeper.gd.uid",
			  "NPC.gd",
			  "NPC.gd.uid",
			  "Player.gd",
			  "Player.gd.uid"
			],
			"path": "res://scripts/actors"
		  },
		  {
			"children": [],
			"files": [
			  "CombatBusA.gd",
			  "CombatBusA.gd.uid",
			  "FactionManagerA.gd",
			  "FactionManagerA.gd.uid",
			  "QuestStateA.gd",
			  "QuestStateA.gd.uid"
			],
			"path": "res://scripts/autoload"
		  },
		  {
			"children": [],
			"files": [
			  "Damageable.gd",
			  "Damageable.gd.uid",
			  "EnemyHitMap.gd",
			  "EnemyHitMap.gd.uid",
			  "WeaponPistol.gd",
			  "WeaponPistol.gd.uid",
			  "WeaponPistol_new.gd",
			  "WeaponPistol_new.gd.uid"
			],
			"path": "res://scripts/combat"
		  },
		  {
			"children": [],
			"files": [
			  "CameraCursorFocus2D.gd",
			  "CameraCursorFocus2D.gd.uid",
			  "FloatingText2D.gd",
			  "FloatingText2D.gd.uid"
			],
			"path": "res://scripts/fx"
		  },
		  {
			"children": [],
			"files": [
			  "Crosshair.gd",
			  "Crosshair.gd.uid",
			  "DialogueBox.gd",
			  "DialogueBox.gd.uid",
			  "HPBar.gd",
			  "HPBar.gd.uid",
			  "HPBarPlayer.gd",
			  "HPBarPlayer.gd.uid"
			],
			"path": "res://scripts/ui"
		  },
		  {
			"children": [],
			"files": [
			  "CoilPickup.gd",
			  "CoilPickup.gd.uid"
			],
			"path": "res://scripts/world"
		  }
		],
		"files": [
		  "Main.gd",
		  "Main.gd.uid",
		  "ProjectSnapshot.gd",
		  "ProjectSnapshot.gd.uid"
		],
		"path": "res://scripts"
	  },
	  {
		"children": [],
		"files": [],
		"path": "res://snapshots"
	  }
	],
	"files": [
	  "icon.svg",
	  "icon.svg.import",
	  "project.godot"
	],
	"path": "res://"
  },
  "input_actions": {
	"aim": 1,
	"confirm": 1,
	"fire": 1,
	"interact": 1,
	"move_down": 2,
	"move_left": 2,
	"move_right": 2,
	"move_up": 2,
	"skip": 1
  },
  "input_bindings": {
	"aim": [
	  "Space (Physical)"
	],
	"confirm": [
	  "Enter (Physical)"
	],
	"fire": [
	  "Left Mouse Button"
	],
	"interact": [
	  "E (Physical)"
	],
	"move_down": [
	  "S (Physical)",
	  "Down (Physical)"
	],
	"move_left": [
	  "A (Physical)",
	  "Left (Physical)"
	],
	"move_right": [
	  "D (Physical)",
	  "Right (Physical)"
	],
	"move_up": [
	  "W (Physical)",
	  "Up (Physical)"
	],
	"skip": [
	  "Escape (Physical)"
	]
  },
  "node_exports": {
	"/root/Main/CoilPickup": {
	  "quest_id": "coil_fragment"
	},
	"/root/Main/DialogueBox": {
	  "auto_hide_seconds": 0.0
	},
	"/root/Main/Enemy": {
	  "arm_delay_time": 1.0,
	  "arm_mult": 0.75,
	  "attack_cooldown": 0.8,
	  "attack_damage": 10,
	  "attack_range": 28.0,
	  "debug_enabled": true,
	  "debug_interval": 0.75,
	  "faction": "Raiders",
	  "head_mult": 2.0,
	  "head_stagger_time": 0.6,
	  "leg_affects_shooting": true,
	  "leg_mult": 0.8,
	  "leg_shoot_rate_mult": 2.0,
	  "leg_slow_mult": 0.25,
	  "leg_slow_time": 20.0,
	  "max_hp": 40,
	  "ray_mask": 1,
	  "shoot_cooldown": 0.9,
	  "shoot_damage": 8,
	  "shoot_range": 140.0,
	  "speed": 120.0
	},
	"/root/Main/Enemy/HPBar": {
	  "offset": "(0.0, -36.0)",
	  "size": "(32.0, 4.0)"
	},
	"/root/Main/Enemy2": {
	  "arm_delay_time": 1.0,
	  "arm_mult": 0.75,
	  "attack_cooldown": 0.8,
	  "attack_damage": 10,
	  "attack_range": 28.0,
	  "debug_enabled": true,
	  "debug_interval": 0.75,
	  "faction": "Raiders",
	  "head_mult": 2.0,
	  "head_stagger_time": 0.6,
	  "leg_affects_shooting": true,
	  "leg_mult": 0.8,
	  "leg_shoot_rate_mult": 2.0,
	  "leg_slow_mult": 0.25,
	  "leg_slow_time": 20.0,
	  "max_hp": 40,
	  "ray_mask": 1,
	  "shoot_cooldown": 0.9,
	  "shoot_damage": 8,
	  "shoot_range": 140.0,
	  "speed": 120.0
	},
	"/root/Main/Enemy2/HPBar": {
	  "offset": "(0.0, -36.0)",
	  "size": "(32.0, 4.0)"
	},
	"/root/Main/Enemy3": {
	  "arm_delay_time": 1.0,
	  "arm_mult": 0.75,
	  "attack_cooldown": 0.8,
	  "attack_damage": 10,
	  "attack_range": 28.0,
	  "debug_enabled": true,
	  "debug_interval": 0.75,
	  "faction": "Raiders",
	  "head_mult": 2.0,
	  "head_stagger_time": 0.6,
	  "leg_affects_shooting": true,
	  "leg_mult": 0.8,
	  "leg_shoot_rate_mult": 2.0,
	  "leg_slow_mult": 0.25,
	  "leg_slow_time": 20.0,
	  "max_hp": 40,
	  "ray_mask": 1,
	  "shoot_cooldown": 0.9,
	  "shoot_damage": 8,
	  "shoot_range": 140.0,
	  "speed": 120.0
	},
	"/root/Main/Enemy3/HPBar": {
	  "offset": "(0.0, -36.0)",
	  "size": "(32.0, 4.0)"
	},
	"/root/Main/Enemy4": {
	  "arm_delay_time": 1.0,
	  "arm_mult": 0.75,
	  "attack_cooldown": 0.8,
	  "attack_damage": 10,
	  "attack_range": 28.0,
	  "debug_enabled": true,
	  "debug_interval": 0.75,
	  "faction": "Raiders",
	  "head_mult": 2.0,
	  "head_stagger_time": 0.6,
	  "leg_affects_shooting": true,
	  "leg_mult": 0.8,
	  "leg_shoot_rate_mult": 2.0,
	  "leg_slow_mult": 0.25,
	  "leg_slow_time": 20.0,
	  "max_hp": 40,
	  "ray_mask": 1,
	  "shoot_cooldown": 0.9,
	  "shoot_damage": 8,
	  "shoot_range": 140.0,
	  "speed": 120.0
	},
	"/root/Main/Enemy4/HPBar": {
	  "offset": "(0.0, -36.0)",
	  "size": "(32.0, 4.0)"
	},
	"/root/Main/Enemy5": {
	  "arm_delay_time": 1.0,
	  "arm_mult": 0.75,
	  "attack_cooldown": 0.8,
	  "attack_damage": 10,
	  "attack_range": 28.0,
	  "debug_enabled": true,
	  "debug_interval": 0.75,
	  "faction": "Raiders",
	  "head_mult": 2.0,
	  "head_stagger_time": 0.6,
	  "leg_affects_shooting": true,
	  "leg_mult": 0.8,
	  "leg_shoot_rate_mult": 2.0,
	  "leg_slow_mult": 0.25,
	  "leg_slow_time": 20.0,
	  "max_hp": 40,
	  "ray_mask": 1,
	  "shoot_cooldown": 0.9,
	  "shoot_damage": 8,
	  "shoot_range": 140.0,
	  "speed": 120.0
	},
	"/root/Main/Enemy5/HPBar": {
	  "offset": "(0.0, -36.0)",
	  "size": "(32.0, 4.0)"
	},
	"/root/Main/Enemy6": {
	  "arm_delay_time": 1.0,
	  "arm_mult": 0.75,
	  "attack_cooldown": 0.8,
	  "attack_damage": 10,
	  "attack_range": 28.0,
	  "debug_enabled": true,
	  "debug_interval": 0.75,
	  "faction": "Raiders",
	  "head_mult": 2.0,
	  "head_stagger_time": 0.6,
	  "leg_affects_shooting": true,
	  "leg_mult": 0.8,
	  "leg_shoot_rate_mult": 2.0,
	  "leg_slow_mult": 0.25,
	  "leg_slow_time": 20.0,
	  "max_hp": 40,
	  "ray_mask": 1,
	  "shoot_cooldown": 0.9,
	  "shoot_damage": 8,
	  "shoot_range": 140.0,
	  "speed": 120.0
	},
	"/root/Main/Enemy6/HPBar": {
	  "offset": "(0.0, -36.0)",
	  "size": "(32.0, 4.0)"
	},
	"/root/Main/Gatekeeper": {
	  "display_name": "WardenVex",
	  "faction": "ScavengerSyndicate",
	  "gate_group_name": "GateBlocker",
	  "gate_node_path": "",
	  "npc_id": "WardenVex",
	  "quest_id": "",
	  "required_faction": "ScavengerSyndicate",
	  "required_rep": 1,
	  "use_gate_group": true
	},
	"/root/Main/HUD/Crosshair": {
	  "base_radius": 6.0,
	  "bloom_falloff": 10.0,
	  "gap": 4.0,
	  "line_len": 6.0,
	  "max_bloom_ads": 2.0,
	  "max_bloom_hip": 5.0,
	  "thickness": 1.5
	},
	"/root/Main/NPCRust": {
	  "display_name": "Rust",
	  "faction": "ScavengerSyndicate",
	  "npc_id": "Rust",
	  "quest_id": ""
	},
	"/root/Main/NPCScrapjack": {
	  "display_name": "Scrapjack",
	  "faction": "ScavengerSyndicate",
	  "npc_id": "Scrapjack",
	  "quest_id": "coil_fragment"
	},
	"/root/Main/Player": {
	  "ads_move_mult": 0.2,
	  "ads_speed_mult": 0.7,
	  "ads_zoom": 1.8,
	  "anim_path": "AnimatedSprite2D",
	  "camera_path": "Camera2D",
	  "max_hp": 60,
	  "move_speed_px_s": 140.0,
	  "speed": 140.0,
	  "zoom_lerp": 12.0
	},
	"/root/Main/Player/Camera2D": {
	  "ads_cursor_weight": 0.35,
	  "deadzone_px": 12.0,
	  "enable_only_when_ads": true,
	  "hip_cursor_weight": 0.0,
	  "lock_delay": 0.12,
	  "lock_when_ads": true,
	  "max_offset_px": 128.0,
	  "offset_lerp_speed": 10.0,
	  "relock_threshold_px": 0.0
	},
	"/root/Main/Player/HPBar": {
	  "offset": "(0.0, -40.0)",
	  "size": "(40.0, 5.0)"
	},
	"/root/Main/Player/WeaponPistol": {
	  "ads_base_spread_deg": 0.7,
	  "ads_bloom_decay_deg_per_sec": 14.0,
	  "ads_bloom_per_shot_deg": 0.4,
	  "ads_move_spread_deg": 0.6,
	  "allow_fallback_hitscan": true,
	  "base_damage": 10,
	  "cap_bias_arms_ads": 1.0,
	  "cap_bias_arms_hip": 0.7,
	  "cap_bias_head_ads": 1.35,
	  "cap_bias_head_hip": 0.55,
	  "cap_bias_legs_ads": 1.0,
	  "cap_bias_legs_hip": 0.9,
	  "cap_bias_torso_ads": 1.0,
	  "cap_bias_torso_hip": 0.9,
	  "capture_max_px": 18.0,
	  "capture_min_px": 3.0,
	  "debug_shots": false,
	  "fallback_gate_radius_ads": 16.0,
	  "fallback_gate_radius_hip": 8.0,
	  "fire_cooldown": 0.22,
	  "fire_mode": 0,
	  "hip_base_spread_deg": 5.5,
	  "hip_bloom_decay_deg_per_sec": 6.0,
	  "hip_bloom_per_shot_deg": 1.4,
	  "hip_move_spread_deg": 4.0,
	  "k_capture_ads": 1.25,
	  "k_capture_hip": 0.55,
	  "muzzle_forward": 12.0,
	  "range": 520.0,
	  "run_capture_mult_ads": 0.85,
	  "run_capture_mult_hip": 0.6,
	  "run_speed_px_per_s": 180.0,
	  "run_spread_mult_ads": 1.15,
	  "run_spread_mult_hip": 1.6,
	  "target_penalty_deg_at_ref_ads": 0.9,
	  "target_penalty_deg_at_ref_hip": 2.2,
	  "target_penalty_enabled": true,
	  "target_penalty_max_mult": 2.0,
	  "target_pick_radius_px": 220.0,
	  "target_speed_ref": 120.0
	}
  },
  "npcs": [
	"Gatekeeper",
	"NPCRust",
	"NPCScrapjack"
  ],
  "project_meta": {
	"godot_version": "4.4.1stable",
	"project_name": "scrapespire",
	"timestamp_utc": "2025-08-16T01:02:10"
  },
  "scene_root": "Main",
  "scene_tree": {
	"children": [
	  {
		"children": [
		  {
			"children": [
			  {
				"children": [],
				"class": "CollisionShape2D",
				"groups": [],
				"name": "CollisionShape2D",
				"script_path": ""
			  }
			],
			"class": "Area2D",
			"groups": [],
			"name": "InteractArea",
			"script_path": ""
		  },
		  {
			"children": [],
			"class": "CollisionShape2D",
			"groups": [],
			"name": "BodyCollider",
			"script_path": ""
		  },
		  {
			"children": [],
			"class": "AnimatedSprite2D",
			"groups": [],
			"name": "AnimatedSprite2D",
			"script_path": ""
		  }
		],
		"class": "CharacterBody2D",
		"groups": [
		  "NPC"
		],
		"name": "Gatekeeper",
		"script_path": "res://scripts/actors/Gatekeeper.gd"
	  },
	  {
		"children": [
		  {
			"children": [
			  {
				"children": [],
				"class": "Label",
				"groups": [],
				"name": "SpeakerLabel",
				"script_path": ""
			  },
			  {
				"children": [],
				"class": "RichTextLabel",
				"groups": [],
				"name": "Text",
				"script_path": ""
			  }
			],
			"class": "Panel",
			"groups": [
			  "_root_canvas5003636899842"
			],
			"name": "Panel",
			"script_path": ""
		  }
		],
		"class": "CanvasLayer",
		"groups": [
		  "HUDDialogue",
		  "_vp_unhandled_input28772926792"
		],
		"name": "DialogueBox",
		"script_path": "res://scripts/ui/DialogueBox.gd"
	  },
	  {
		"children": [
		  {
			"children": [],
			"class": "CollisionShape2D",
			"groups": [],
			"name": "CollisionShape2D",
			"script_path": ""
		  },
		  {
			"children": [],
			"class": "Camera2D",
			"groups": [
			  "__cameras_4320737099776",
			  "__cameras_c4316442132480"
			],
			"name": "Camera2D",
			"script_path": "res://scripts/fx/CameraCursorFocus2D.gd"
		  },
		  {
			"children": [],
			"class": "AnimatedSprite2D",
			"groups": [],
			"name": "AnimatedSprite2D",
			"script_path": ""
		  },
		  {
			"children": [],
			"class": "Node2D",
			"groups": [],
			"name": "HPBar",
			"script_path": "res://scripts/ui/HPBarPlayer.gd"
		  },
		  {
			"children": [],
			"class": "Node2D",
			"groups": [
			  "Weapon"
			],
			"name": "WeaponPistol",
			"script_path": "res://scripts/combat/WeaponPistol.gd"
		  }
		],
		"class": "CharacterBody2D",
		"groups": [
		  "Player"
		],
		"name": "Player",
		"script_path": "res://scripts/actors/Player.gd"
	  },
	  {
		"children": [
		  {
			"children": [],
			"class": "Sprite2D",
			"groups": [],
			"name": "Sprite2D",
			"script_path": ""
		  },
		  {
			"children": [],
			"class": "CollisionShape2D",
			"groups": [],
			"name": "CollisionShape2D",
			"script_path": ""
		  }
		],
		"class": "Area2D",
		"groups": [],
		"name": "CoilPickup",
		"script_path": "res://scripts/world/CoilPickup.gd"
	  },
	  {
		"children": [
		  {
			"children": [
			  {
				"children": [],
				"class": "CollisionShape2D",
				"groups": [],
				"name": "CollisionShape2D",
				"script_path": ""
			  }
			],
			"class": "Area2D",
			"groups": [],
			"name": "InteractArea",
			"script_path": ""
		  },
		  {
			"children": [],
			"class": "CollisionShape2D",
			"groups": [],
			"name": "BodyCollider",
			"script_path": ""
		  },
		  {
			"children": [],
			"class": "AnimatedSprite2D",
			"groups": [],
			"name": "AnimatedSprite2D",
			"script_path": ""
		  }
		],
		"class": "CharacterBody2D",
		"groups": [
		  "NPC"
		],
		"name": "NPCRust",
		"script_path": "res://scripts/actors/NPC.gd"
	  },
	  {
		"children": [
		  {
			"children": [
			  {
				"children": [],
				"class": "CollisionShape2D",
				"groups": [],
				"name": "CollisionShape2D",
				"script_path": ""
			  }
			],
			"class": "Area2D",
			"groups": [],
			"name": "InteractArea",
			"script_path": ""
		  },
		  {
			"children": [],
			"class": "CollisionShape2D",
			"groups": [],
			"name": "BodyCollider",
			"script_path": ""
		  },
		  {
			"children": [],
			"class": "AnimatedSprite2D",
			"groups": [],
			"name": "AnimatedSprite2D",
			"script_path": ""
		  }
		],
		"class": "CharacterBody2D",
		"groups": [
		  "NPC"
		],
		"name": "NPCScrapjack",
		"script_path": "res://scripts/actors/NPC.gd"
	  },
	  {
		"children": [
		  {
			"children": [],
			"class": "CollisionShape2D",
			"groups": [],
			"name": "CollisionShape2D",
			"script_path": ""
		  },
		  {
			"children": [],
			"class": "Sprite2D",
			"groups": [],
			"name": "Sprite2D",
			"script_path": ""
		  }
		],
		"class": "StaticBody2D",
		"groups": [
		  "GateBlocker"
		],
		"name": "GateBlocker",
		"script_path": ""
	  },
	  {
		"children": [
		  {
			"children": [],
			"class": "TileMapLayer",
			"groups": [],
			"name": "Outpost",
			"script_path": ""
		  }
		],
		"class": "Node2D",
		"groups": [],
		"name": "Outpost",
		"script_path": ""
	  },
	  {
		"children": [
		  {
			"children": [],
			"class": "AnimatedSprite2D",
			"groups": [],
			"name": "AnimatedSprite2D",
			"script_path": ""
		  },
		  {
			"children": [
			  {
				"children": [],
				"class": "CollisionShape2D",
				"groups": [],
				"name": "CollisionShape2D",
				"script_path": ""
			  }
			],
			"class": "Area2D",
			"groups": [],
			"name": "Detect",
			"script_path": ""
		  },
		  {
			"children": [],
			"class": "Node2D",
			"groups": [],
			"name": "HPBar",
			"script_path": "res://scripts/ui/HPBar.gd"
		  },
		  {
			"children": [
			  {
				"children": [],
				"class": "CollisionShape2D",
				"groups": [],
				"name": "HM_Head",
				"script_path": ""
			  },
			  {
				"children": [],
				"class": "CollisionShape2D",
				"groups": [],
				"name": "HM_Torso",
				"script_path": ""
			  },
			  {
				"children": [],
				"class": "CollisionShape2D",
				"groups": [],
				"name": "HM_Arms",
				"script_path": ""
			  },
			  {
				"children": [],
				"class": "CollisionShape2D",
				"groups": [],
				"name": "HM_Legs",
				"script_path": ""
			  }
			],
			"class": "Node2D",
			"groups": [],
			"name": "HitMap",
			"script_path": ""
		  }
		],
		"class": "CharacterBody2D",
		"groups": [
		  "Enemies"
		],
		"name": "Enemy",
		"script_path": "res://scripts/actors/Enemy.gd"
	  },
	  {
		"children": [
		  {
			"children": [],
			"class": "AnimatedSprite2D",
			"groups": [],
			"name": "AnimatedSprite2D",
			"script_path": ""
		  },
		  {
			"children": [
			  {
				"children": [],
				"class": "CollisionShape2D",
				"groups": [],
				"name": "CollisionShape2D",
				"script_path": ""
			  }
			],
			"class": "Area2D",
			"groups": [],
			"name": "Detect",
			"script_path": ""
		  },
		  {
			"children": [],
			"class": "Node2D",
			"groups": [],
			"name": "HPBar",
			"script_path": "res://scripts/ui/HPBar.gd"
		  },
		  {
			"children": [
			  {
				"children": [],
				"class": "CollisionShape2D",
				"groups": [],
				"name": "HM_Head",
				"script_path": ""
			  },
			  {
				"children": [],
				"class": "CollisionShape2D",
				"groups": [],
				"name": "HM_Torso",
				"script_path": ""
			  },
			  {
				"children": [],
				"class": "CollisionShape2D",
				"groups": [],
				"name": "HM_Arms",
				"script_path": ""
			  },
			  {
				"children": [],
				"class": "CollisionShape2D",
				"groups": [],
				"name": "HM_Legs",
				"script_path": ""
			  }
			],
			"class": "Node2D",
			"groups": [],
			"name": "HitMap",
			"script_path": ""
		  }
		],
		"class": "CharacterBody2D",
		"groups": [
		  "Enemies"
		],
		"name": "Enemy2",
		"script_path": "res://scripts/actors/Enemy.gd"
	  },
	  {
		"children": [
		  {
			"children": [],
			"class": "AnimatedSprite2D",
			"groups": [],
			"name": "AnimatedSprite2D",
			"script_path": ""
		  },
		  {
			"children": [
			  {
				"children": [],
				"class": "CollisionShape2D",
				"groups": [],
				"name": "CollisionShape2D",
				"script_path": ""
			  }
			],
			"class": "Area2D",
			"groups": [],
			"name": "Detect",
			"script_path": ""
		  },
		  {
			"children": [],
			"class": "Node2D",
			"groups": [],
			"name": "HPBar",
			"script_path": "res://scripts/ui/HPBar.gd"
		  },
		  {
			"children": [
			  {
				"children": [],
				"class": "CollisionShape2D",
				"groups": [],
				"name": "HM_Head",
				"script_path": ""
			  },
			  {
				"children": [],
				"class": "CollisionShape2D",
				"groups": [],
				"name": "HM_Torso",
				"script_path": ""
			  },
			  {
				"children": [],
				"class": "CollisionShape2D",
				"groups": [],
				"name": "HM_Arms",
				"script_path": ""
			  },
			  {
				"children": [],
				"class": "CollisionShape2D",
				"groups": [],
				"name": "HM_Legs",
				"script_path": ""
			  }
			],
			"class": "Node2D",
			"groups": [],
			"name": "HitMap",
			"script_path": ""
		  }
		],
		"class": "CharacterBody2D",
		"groups": [
		  "Enemies"
		],
		"name": "Enemy3",
		"script_path": "res://scripts/actors/Enemy.gd"
	  },
	  {
		"children": [
		  {
			"children": [],
			"class": "AnimatedSprite2D",
			"groups": [],
			"name": "AnimatedSprite2D",
			"script_path": ""
		  },
		  {
			"children": [
			  {
				"children": [],
				"class": "CollisionShape2D",
				"groups": [],
				"name": "CollisionShape2D",
				"script_path": ""
			  }
			],
			"class": "Area2D",
			"groups": [],
			"name": "Detect",
			"script_path": ""
		  },
		  {
			"children": [],
			"class": "Node2D",
			"groups": [],
			"name": "HPBar",
			"script_path": "res://scripts/ui/HPBar.gd"
		  },
		  {
			"children": [
			  {
				"children": [],
				"class": "CollisionShape2D",
				"groups": [],
				"name": "HM_Head",
				"script_path": ""
			  },
			  {
				"children": [],
				"class": "CollisionShape2D",
				"groups": [],
				"name": "HM_Torso",
				"script_path": ""
			  },
			  {
				"children": [],
				"class": "CollisionShape2D",
				"groups": [],
				"name": "HM_Arms",
				"script_path": ""
			  },
			  {
				"children": [],
				"class": "CollisionShape2D",
				"groups": [],
				"name": "HM_Legs",
				"script_path": ""
			  }
			],
			"class": "Node2D",
			"groups": [],
			"name": "HitMap",
			"script_path": ""
		  }
		],
		"class": "CharacterBody2D",
		"groups": [
		  "Enemies"
		],
		"name": "Enemy4",
		"script_path": "res://scripts/actors/Enemy.gd"
	  },
	  {
		"children": [
		  {
			"children": [],
			"class": "AnimatedSprite2D",
			"groups": [],
			"name": "AnimatedSprite2D",
			"script_path": ""
		  },
		  {
			"children": [
			  {
				"children": [],
				"class": "CollisionShape2D",
				"groups": [],
				"name": "CollisionShape2D",
				"script_path": ""
			  }
			],
			"class": "Area2D",
			"groups": [],
			"name": "Detect",
			"script_path": ""
		  },
		  {
			"children": [],
			"class": "Node2D",
			"groups": [],
			"name": "HPBar",
			"script_path": "res://scripts/ui/HPBar.gd"
		  },
		  {
			"children": [
			  {
				"children": [],
				"class": "CollisionShape2D",
				"groups": [],
				"name": "HM_Head",
				"script_path": ""
			  },
			  {
				"children": [],
				"class": "CollisionShape2D",
				"groups": [],
				"name": "HM_Torso",
				"script_path": ""
			  },
			  {
				"children": [],
				"class": "CollisionShape2D",
				"groups": [],
				"name": "HM_Arms",
				"script_path": ""
			  },
			  {
				"children": [],
				"class": "CollisionShape2D",
				"groups": [],
				"name": "HM_Legs",
				"script_path": ""
			  }
			],
			"class": "Node2D",
			"groups": [],
			"name": "HitMap",
			"script_path": ""
		  }
		],
		"class": "CharacterBody2D",
		"groups": [
		  "Enemies"
		],
		"name": "Enemy5",
		"script_path": "res://scripts/actors/Enemy.gd"
	  },
	  {
		"children": [
		  {
			"children": [],
			"class": "AnimatedSprite2D",
			"groups": [],
			"name": "AnimatedSprite2D",
			"script_path": ""
		  },
		  {
			"children": [
			  {
				"children": [],
				"class": "CollisionShape2D",
				"groups": [],
				"name": "CollisionShape2D",
				"script_path": ""
			  }
			],
			"class": "Area2D",
			"groups": [],
			"name": "Detect",
			"script_path": ""
		  },
		  {
			"children": [],
			"class": "Node2D",
			"groups": [],
			"name": "HPBar",
			"script_path": "res://scripts/ui/HPBar.gd"
		  },
		  {
			"children": [
			  {
				"children": [],
				"class": "CollisionShape2D",
				"groups": [],
				"name": "HM_Head",
				"script_path": ""
			  },
			  {
				"children": [],
				"class": "CollisionShape2D",
				"groups": [],
				"name": "HM_Torso",
				"script_path": ""
			  },
			  {
				"children": [],
				"class": "CollisionShape2D",
				"groups": [],
				"name": "HM_Arms",
				"script_path": ""
			  },
			  {
				"children": [],
				"class": "CollisionShape2D",
				"groups": [],
				"name": "HM_Legs",
				"script_path": ""
			  }
			],
			"class": "Node2D",
			"groups": [],
			"name": "HitMap",
			"script_path": ""
		  }
		],
		"class": "CharacterBody2D",
		"groups": [
		  "Enemies"
		],
		"name": "Enemy6",
		"script_path": "res://scripts/actors/Enemy.gd"
	  },
	  {
		"children": [
		  {
			"children": [],
			"class": "Control",
			"groups": [
			  "_root_canvas5506148073475",
			  "Crosshair"
			],
			"name": "Crosshair",
			"script_path": "res://scripts/ui/Crosshair.gd"
		  }
		],
		"class": "CanvasLayer",
		"groups": [],
		"name": "HUD",
		"script_path": ""
	  }
	],
	"class": "Node2D",
	"groups": [
	  "_root_canvas4316442132480"
	],
	"name": "Main",
	"script_path": "res://scripts/ProjectSnapshot.gd"
  },
  "signal_wiring": {
	"edges": [
	  {
		"flags": 8,
		"from_path": "/root/Main",
		"method": "Viewport::canvas_parent_mark_dirty",
		"signal": "child_order_changed",
		"to_path": "/root"
	  },
	  {
		"flags": 8,
		"from_path": "/root/Main",
		"method": "Viewport::gui_set_root_order_dirty",
		"signal": "child_order_changed",
		"to_path": "/root"
	  },
	  {
		"flags": 8,
		"from_path": "/root/Main/HUD",
		"method": "Viewport::gui_set_root_order_dirty",
		"signal": "child_order_changed",
		"to_path": "/root"
	  },
	  {
		"flags": 8,
		"from_path": "/root/Main/HUD",
		"method": "Viewport::canvas_parent_mark_dirty",
		"signal": "child_order_changed",
		"to_path": "/root"
	  },
	  {
		"flags": 8,
		"from_path": "/root/Main/Enemy6",
		"method": "Viewport::canvas_parent_mark_dirty",
		"signal": "child_order_changed",
		"to_path": "/root"
	  },
	  {
		"flags": 8,
		"from_path": "/root/Main/Enemy6",
		"method": "Viewport::gui_set_root_order_dirty",
		"signal": "child_order_changed",
		"to_path": "/root"
	  },
	  {
		"flags": 8,
		"from_path": "/root/Main/Enemy6/HitMap",
		"method": "Viewport::canvas_parent_mark_dirty",
		"signal": "child_order_changed",
		"to_path": "/root"
	  },
	  {
		"flags": 8,
		"from_path": "/root/Main/Enemy6/HitMap",
		"method": "Viewport::gui_set_root_order_dirty",
		"signal": "child_order_changed",
		"to_path": "/root"
	  },
	  {
		"flags": 0,
		"from_path": "/root/Main/Enemy6/Detect",
		"method": "_on_body_entered",
		"signal": "body_entered",
		"to_path": "/root/Main/Enemy6"
	  },
	  {
		"flags": 0,
		"from_path": "/root/Main/Enemy6/Detect",
		"method": "_on_body_exited",
		"signal": "body_exited",
		"to_path": "/root/Main/Enemy6"
	  },
	  {
		"flags": 8,
		"from_path": "/root/Main/Enemy6/Detect",
		"method": "Viewport::canvas_parent_mark_dirty",
		"signal": "child_order_changed",
		"to_path": "/root"
	  },
	  {
		"flags": 8,
		"from_path": "/root/Main/Enemy6/Detect",
		"method": "Viewport::gui_set_root_order_dirty",
		"signal": "child_order_changed",
		"to_path": "/root"
	  },
	  {
		"flags": 8,
		"from_path": "/root/Main/Enemy5",
		"method": "Viewport::canvas_parent_mark_dirty",
		"signal": "child_order_changed",
		"to_path": "/root"
	  },
	  {
		"flags": 8,
		"from_path": "/root/Main/Enemy5",
		"method": "Viewport::gui_set_root_order_dirty",
		"signal": "child_order_changed",
		"to_path": "/root"
	  },
	  {
		"flags": 8,
		"from_path": "/root/Main/Enemy5/HitMap",
		"method": "Viewport::canvas_parent_mark_dirty",
		"signal": "child_order_changed",
		"to_path": "/root"
	  },
	  {
		"flags": 8,
		"from_path": "/root/Main/Enemy5/HitMap",
		"method": "Viewport::gui_set_root_order_dirty",
		"signal": "child_order_changed",
		"to_path": "/root"
	  },
	  {
		"flags": 0,
		"from_path": "/root/Main/Enemy5/Detect",
		"method": "_on_body_entered",
		"signal": "body_entered",
		"to_path": "/root/Main/Enemy5"
	  },
	  {
		"flags": 0,
		"from_path": "/root/Main/Enemy5/Detect",
		"method": "_on_body_exited",
		"signal": "body_exited",
		"to_path": "/root/Main/Enemy5"
	  },
	  {
		"flags": 8,
		"from_path": "/root/Main/Enemy5/Detect",
		"method": "Viewport::canvas_parent_mark_dirty",
		"signal": "child_order_changed",
		"to_path": "/root"
	  },
	  {
		"flags": 8,
		"from_path": "/root/Main/Enemy5/Detect",
		"method": "Viewport::gui_set_root_order_dirty",
		"signal": "child_order_changed",
		"to_path": "/root"
	  },
	  {
		"flags": 8,
		"from_path": "/root/Main/Enemy4",
		"method": "Viewport::canvas_parent_mark_dirty",
		"signal": "child_order_changed",
		"to_path": "/root"
	  },
	  {
		"flags": 8,
		"from_path": "/root/Main/Enemy4",
		"method": "Viewport::gui_set_root_order_dirty",
		"signal": "child_order_changed",
		"to_path": "/root"
	  },
	  {
		"flags": 8,
		"from_path": "/root/Main/Enemy4/HitMap",
		"method": "Viewport::canvas_parent_mark_dirty",
		"signal": "child_order_changed",
		"to_path": "/root"
	  },
	  {
		"flags": 8,
		"from_path": "/root/Main/Enemy4/HitMap",
		"method": "Viewport::gui_set_root_order_dirty",
		"signal": "child_order_changed",
		"to_path": "/root"
	  },
	  {
		"flags": 0,
		"from_path": "/root/Main/Enemy4/Detect",
		"method": "_on_body_entered",
		"signal": "body_entered",
		"to_path": "/root/Main/Enemy4"
	  },
	  {
		"flags": 0,
		"from_path": "/root/Main/Enemy4/Detect",
		"method": "_on_body_exited",
		"signal": "body_exited",
		"to_path": "/root/Main/Enemy4"
	  },
	  {
		"flags": 8,
		"from_path": "/root/Main/Enemy4/Detect",
		"method": "Viewport::canvas_parent_mark_dirty",
		"signal": "child_order_changed",
		"to_path": "/root"
	  },
	  {
		"flags": 8,
		"from_path": "/root/Main/Enemy4/Detect",
		"method": "Viewport::gui_set_root_order_dirty",
		"signal": "child_order_changed",
		"to_path": "/root"
	  },
	  {
		"flags": 8,
		"from_path": "/root/Main/Enemy3",
		"method": "Viewport::canvas_parent_mark_dirty",
		"signal": "child_order_changed",
		"to_path": "/root"
	  },
	  {
		"flags": 8,
		"from_path": "/root/Main/Enemy3",
		"method": "Viewport::gui_set_root_order_dirty",
		"signal": "child_order_changed",
		"to_path": "/root"
	  },
	  {
		"flags": 8,
		"from_path": "/root/Main/Enemy3/HitMap",
		"method": "Viewport::canvas_parent_mark_dirty",
		"signal": "child_order_changed",
		"to_path": "/root"
	  },
	  {
		"flags": 8,
		"from_path": "/root/Main/Enemy3/HitMap",
		"method": "Viewport::gui_set_root_order_dirty",
		"signal": "child_order_changed",
		"to_path": "/root"
	  },
	  {
		"flags": 0,
		"from_path": "/root/Main/Enemy3/Detect",
		"method": "_on_body_entered",
		"signal": "body_entered",
		"to_path": "/root/Main/Enemy3"
	  },
	  {
		"flags": 0,
		"from_path": "/root/Main/Enemy3/Detect",
		"method": "_on_body_exited",
		"signal": "body_exited",
		"to_path": "/root/Main/Enemy3"
	  },
	  {
		"flags": 8,
		"from_path": "/root/Main/Enemy3/Detect",
		"method": "Viewport::canvas_parent_mark_dirty",
		"signal": "child_order_changed",
		"to_path": "/root"
	  },
	  {
		"flags": 8,
		"from_path": "/root/Main/Enemy3/Detect",
		"method": "Viewport::gui_set_root_order_dirty",
		"signal": "child_order_changed",
		"to_path": "/root"
	  },
	  {
		"flags": 8,
		"from_path": "/root/Main/Enemy2",
		"method": "Viewport::canvas_parent_mark_dirty",
		"signal": "child_order_changed",
		"to_path": "/root"
	  },
	  {
		"flags": 8,
		"from_path": "/root/Main/Enemy2",
		"method": "Viewport::gui_set_root_order_dirty",
		"signal": "child_order_changed",
		"to_path": "/root"
	  },
	  {
		"flags": 8,
		"from_path": "/root/Main/Enemy2/HitMap",
		"method": "Viewport::canvas_parent_mark_dirty",
		"signal": "child_order_changed",
		"to_path": "/root"
	  },
	  {
		"flags": 8,
		"from_path": "/root/Main/Enemy2/HitMap",
		"method": "Viewport::gui_set_root_order_dirty",
		"signal": "child_order_changed",
		"to_path": "/root"
	  },
	  {
		"flags": 0,
		"from_path": "/root/Main/Enemy2/Detect",
		"method": "_on_body_entered",
		"signal": "body_entered",
		"to_path": "/root/Main/Enemy2"
	  },
	  {
		"flags": 0,
		"from_path": "/root/Main/Enemy2/Detect",
		"method": "_on_body_exited",
		"signal": "body_exited",
		"to_path": "/root/Main/Enemy2"
	  },
	  {
		"flags": 8,
		"from_path": "/root/Main/Enemy2/Detect",
		"method": "Viewport::canvas_parent_mark_dirty",
		"signal": "child_order_changed",
		"to_path": "/root"
	  },
	  {
		"flags": 8,
		"from_path": "/root/Main/Enemy2/Detect",
		"method": "Viewport::gui_set_root_order_dirty",
		"signal": "child_order_changed",
		"to_path": "/root"
	  },
	  {
		"flags": 8,
		"from_path": "/root/Main/Enemy",
		"method": "Viewport::canvas_parent_mark_dirty",
		"signal": "child_order_changed",
		"to_path": "/root"
	  },
	  {
		"flags": 8,
		"from_path": "/root/Main/Enemy",
		"method": "Viewport::gui_set_root_order_dirty",
		"signal": "child_order_changed",
		"to_path": "/root"
	  },
	  {
		"flags": 8,
		"from_path": "/root/Main/Enemy/HitMap",
		"method": "Viewport::canvas_parent_mark_dirty",
		"signal": "child_order_changed",
		"to_path": "/root"
	  },
	  {
		"flags": 8,
		"from_path": "/root/Main/Enemy/HitMap",
		"method": "Viewport::gui_set_root_order_dirty",
		"signal": "child_order_changed",
		"to_path": "/root"
	  },
	  {
		"flags": 0,
		"from_path": "/root/Main/Enemy/Detect",
		"method": "_on_body_entered",
		"signal": "body_entered",
		"to_path": "/root/Main/Enemy"
	  },
	  {
		"flags": 0,
		"from_path": "/root/Main/Enemy/Detect",
		"method": "_on_body_exited",
		"signal": "body_exited",
		"to_path": "/root/Main/Enemy"
	  },
	  {
		"flags": 8,
		"from_path": "/root/Main/Enemy/Detect",
		"method": "Viewport::canvas_parent_mark_dirty",
		"signal": "child_order_changed",
		"to_path": "/root"
	  },
	  {
		"flags": 8,
		"from_path": "/root/Main/Enemy/Detect",
		"method": "Viewport::gui_set_root_order_dirty",
		"signal": "child_order_changed",
		"to_path": "/root"
	  },
	  {
		"flags": 8,
		"from_path": "/root/Main/Outpost",
		"method": "Viewport::canvas_parent_mark_dirty",
		"signal": "child_order_changed",
		"to_path": "/root"
	  },
	  {
		"flags": 8,
		"from_path": "/root/Main/Outpost",
		"method": "Viewport::gui_set_root_order_dirty",
		"signal": "child_order_changed",
		"to_path": "/root"
	  },
	  {
		"flags": 0,
		"from_path": "/root/Main/Outpost/Outpost",
		"method": "TileMapLayer::_renamed",
		"signal": "renamed",
		"to_path": "/root/Main/Outpost/Outpost"
	  },
	  {
		"flags": 8,
		"from_path": "/root/Main/GateBlocker",
		"method": "Viewport::canvas_parent_mark_dirty",
		"signal": "child_order_changed",
		"to_path": "/root"
	  },
	  {
		"flags": 8,
		"from_path": "/root/Main/GateBlocker",
		"method": "Viewport::gui_set_root_order_dirty",
		"signal": "child_order_changed",
		"to_path": "/root"
	  },
	  {
		"flags": 8,
		"from_path": "/root/Main/NPCScrapjack",
		"method": "Viewport::canvas_parent_mark_dirty",
		"signal": "child_order_changed",
		"to_path": "/root"
	  },
	  {
		"flags": 8,
		"from_path": "/root/Main/NPCScrapjack",
		"method": "Viewport::gui_set_root_order_dirty",
		"signal": "child_order_changed",
		"to_path": "/root"
	  },
	  {
		"flags": 18,
		"from_path": "/root/Main/NPCScrapjack/InteractArea",
		"method": "_on_interact_area_body_entered",
		"signal": "body_entered",
		"to_path": "/root/Main/NPCScrapjack"
	  },
	  {
		"flags": 0,
		"from_path": "/root/Main/NPCScrapjack/InteractArea",
		"method": "_on_InteractArea_body_entered",
		"signal": "body_entered",
		"to_path": "/root/Main/NPCScrapjack"
	  },
	  {
		"flags": 18,
		"from_path": "/root/Main/NPCScrapjack/InteractArea",
		"method": "_on_interact_area_body_exited",
		"signal": "body_exited",
		"to_path": "/root/Main/NPCScrapjack"
	  },
	  {
		"flags": 0,
		"from_path": "/root/Main/NPCScrapjack/InteractArea",
		"method": "_on_InteractArea_body_exited",
		"signal": "body_exited",
		"to_path": "/root/Main/NPCScrapjack"
	  },
	  {
		"flags": 8,
		"from_path": "/root/Main/NPCScrapjack/InteractArea",
		"method": "Viewport::canvas_parent_mark_dirty",
		"signal": "child_order_changed",
		"to_path": "/root"
	  },
	  {
		"flags": 8,
		"from_path": "/root/Main/NPCScrapjack/InteractArea",
		"method": "Viewport::gui_set_root_order_dirty",
		"signal": "child_order_changed",
		"to_path": "/root"
	  },
	  {
		"flags": 8,
		"from_path": "/root/Main/NPCRust",
		"method": "Viewport::canvas_parent_mark_dirty",
		"signal": "child_order_changed",
		"to_path": "/root"
	  },
	  {
		"flags": 8,
		"from_path": "/root/Main/NPCRust",
		"method": "Viewport::gui_set_root_order_dirty",
		"signal": "child_order_changed",
		"to_path": "/root"
	  },
	  {
		"flags": 18,
		"from_path": "/root/Main/NPCRust/InteractArea",
		"method": "_on_interact_area_body_entered",
		"signal": "body_entered",
		"to_path": "/root/Main/NPCRust"
	  },
	  {
		"flags": 0,
		"from_path": "/root/Main/NPCRust/InteractArea",
		"method": "_on_InteractArea_body_entered",
		"signal": "body_entered",
		"to_path": "/root/Main/NPCRust"
	  },
	  {
		"flags": 18,
		"from_path": "/root/Main/NPCRust/InteractArea",
		"method": "_on_interact_area_body_exited",
		"signal": "body_exited",
		"to_path": "/root/Main/NPCRust"
	  },
	  {
		"flags": 0,
		"from_path": "/root/Main/NPCRust/InteractArea",
		"method": "_on_InteractArea_body_exited",
		"signal": "body_exited",
		"to_path": "/root/Main/NPCRust"
	  },
	  {
		"flags": 8,
		"from_path": "/root/Main/NPCRust/InteractArea",
		"method": "Viewport::canvas_parent_mark_dirty",
		"signal": "child_order_changed",
		"to_path": "/root"
	  },
	  {
		"flags": 8,
		"from_path": "/root/Main/NPCRust/InteractArea",
		"method": "Viewport::gui_set_root_order_dirty",
		"signal": "child_order_changed",
		"to_path": "/root"
	  },
	  {
		"flags": 0,
		"from_path": "/root/Main/CoilPickup",
		"method": "_on_body_entered",
		"signal": "body_entered",
		"to_path": "/root/Main/CoilPickup"
	  },
	  {
		"flags": 8,
		"from_path": "/root/Main/CoilPickup",
		"method": "Viewport::canvas_parent_mark_dirty",
		"signal": "child_order_changed",
		"to_path": "/root"
	  },
	  {
		"flags": 8,
		"from_path": "/root/Main/CoilPickup",
		"method": "Viewport::gui_set_root_order_dirty",
		"signal": "child_order_changed",
		"to_path": "/root"
	  },
	  {
		"flags": 8,
		"from_path": "/root/Main/Player",
		"method": "Viewport::canvas_parent_mark_dirty",
		"signal": "child_order_changed",
		"to_path": "/root"
	  },
	  {
		"flags": 8,
		"from_path": "/root/Main/Player",
		"method": "Viewport::gui_set_root_order_dirty",
		"signal": "child_order_changed",
		"to_path": "/root"
	  },
	  {
		"flags": 8,
		"from_path": "/root/Main/DialogueBox",
		"method": "Viewport::gui_set_root_order_dirty",
		"signal": "child_order_changed",
		"to_path": "/root"
	  },
	  {
		"flags": 8,
		"from_path": "/root/Main/DialogueBox",
		"method": "Viewport::canvas_parent_mark_dirty",
		"signal": "child_order_changed",
		"to_path": "/root"
	  },
	  {
		"flags": 0,
		"from_path": "/root/Main/DialogueBox/Panel",
		"method": "Control::_size_changed",
		"signal": "item_rect_changed",
		"to_path": "/root/Main/DialogueBox/Panel/SpeakerLabel"
	  },
	  {
		"flags": 0,
		"from_path": "/root/Main/DialogueBox/Panel",
		"method": "Control::_size_changed",
		"signal": "item_rect_changed",
		"to_path": "/root/Main/DialogueBox/Panel/Text"
	  },
	  {
		"flags": 8,
		"from_path": "/root/Main/DialogueBox/Panel",
		"method": "Viewport::canvas_parent_mark_dirty",
		"signal": "child_order_changed",
		"to_path": "/root"
	  },
	  {
		"flags": 0,
		"from_path": "/root/Main/DialogueBox/Panel/Text",
		"method": "ScrollBar::_drag_node_input",
		"signal": "gui_input",
		"to_path": "/root/Main/DialogueBox/Panel/Text/@VScrollBar@2"
	  },
	  {
		"flags": 0,
		"from_path": "/root/Main/DialogueBox/Panel/Text",
		"method": "Control::_size_changed",
		"signal": "item_rect_changed",
		"to_path": "/root/Main/DialogueBox/Panel/Text/@VScrollBar@2"
	  },
	  {
		"flags": 4,
		"from_path": "/root/Main/DialogueBox/Panel/Text",
		"method": "ScrollBar::_drag_node_exit",
		"signal": "tree_exiting",
		"to_path": "/root/Main/DialogueBox/Panel/Text/@VScrollBar@2"
	  },
	  {
		"flags": 8,
		"from_path": "/root/Main/DialogueBox/Panel/Text",
		"method": "Viewport::canvas_parent_mark_dirty",
		"signal": "child_order_changed",
		"to_path": "/root"
	  },
	  {
		"flags": 8,
		"from_path": "/root/Main/Gatekeeper",
		"method": "Viewport::canvas_parent_mark_dirty",
		"signal": "child_order_changed",
		"to_path": "/root"
	  },
	  {
		"flags": 8,
		"from_path": "/root/Main/Gatekeeper",
		"method": "Viewport::gui_set_root_order_dirty",
		"signal": "child_order_changed",
		"to_path": "/root"
	  },
	  {
		"flags": 18,
		"from_path": "/root/Main/Gatekeeper/InteractArea",
		"method": "_on_interact_area_body_entered",
		"signal": "body_entered",
		"to_path": "/root/Main/Gatekeeper"
	  },
	  {
		"flags": 0,
		"from_path": "/root/Main/Gatekeeper/InteractArea",
		"method": "_on_InteractArea_body_entered",
		"signal": "body_entered",
		"to_path": "/root/Main/Gatekeeper"
	  },
	  {
		"flags": 18,
		"from_path": "/root/Main/Gatekeeper/InteractArea",
		"method": "_on_interact_area_body_exited",
		"signal": "body_exited",
		"to_path": "/root/Main/Gatekeeper"
	  },
	  {
		"flags": 0,
		"from_path": "/root/Main/Gatekeeper/InteractArea",
		"method": "_on_InteractArea_body_exited",
		"signal": "body_exited",
		"to_path": "/root/Main/Gatekeeper"
	  },
	  {
		"flags": 8,
		"from_path": "/root/Main/Gatekeeper/InteractArea",
		"method": "Viewport::canvas_parent_mark_dirty",
		"signal": "child_order_changed",
		"to_path": "/root"
	  },
	  {
		"flags": 8,
		"from_path": "/root/Main/Gatekeeper/InteractArea",
		"method": "Viewport::gui_set_root_order_dirty",
		"signal": "child_order_changed",
		"to_path": "/root"
	  }
	],
	"per_node": {
	  "/root/CombatBus": {
		"connections_in": [],
		"connections_out": []
	  },
	  "/root/FactionManager": {
		"connections_in": [],
		"connections_out": []
	  },
	  "/root/Main": {
		"connections_in": [],
		"connections_out": [
		  {
			"flags": 8,
			"method": "Viewport::canvas_parent_mark_dirty",
			"signal": "child_order_changed",
			"to_path": "/root"
		  },
		  {
			"flags": 8,
			"method": "Viewport::gui_set_root_order_dirty",
			"signal": "child_order_changed",
			"to_path": "/root"
		  }
		]
	  },
	  "/root/Main/CoilPickup": {
		"connections_in": [
		  {
			"flags": 0,
			"from_path": "/root/Main/CoilPickup",
			"method": "_on_body_entered",
			"signal": "body_entered"
		  }
		],
		"connections_out": [
		  {
			"flags": 0,
			"method": "_on_body_entered",
			"signal": "body_entered",
			"to_path": "/root/Main/CoilPickup"
		  },
		  {
			"flags": 8,
			"method": "Viewport::canvas_parent_mark_dirty",
			"signal": "child_order_changed",
			"to_path": "/root"
		  },
		  {
			"flags": 8,
			"method": "Viewport::gui_set_root_order_dirty",
			"signal": "child_order_changed",
			"to_path": "/root"
		  }
		]
	  },
	  "/root/Main/CoilPickup/CollisionShape2D": {
		"connections_in": [],
		"connections_out": []
	  },
	  "/root/Main/CoilPickup/Sprite2D": {
		"connections_in": [],
		"connections_out": []
	  },
	  "/root/Main/DialogueBox": {
		"connections_in": [],
		"connections_out": [
		  {
			"flags": 8,
			"method": "Viewport::gui_set_root_order_dirty",
			"signal": "child_order_changed",
			"to_path": "/root"
		  },
		  {
			"flags": 8,
			"method": "Viewport::canvas_parent_mark_dirty",
			"signal": "child_order_changed",
			"to_path": "/root"
		  }
		]
	  },
	  "/root/Main/DialogueBox/Panel": {
		"connections_in": [],
		"connections_out": [
		  {
			"flags": 0,
			"method": "Control::_size_changed",
			"signal": "item_rect_changed",
			"to_path": "/root/Main/DialogueBox/Panel/SpeakerLabel"
		  },
		  {
			"flags": 0,
			"method": "Control::_size_changed",
			"signal": "item_rect_changed",
			"to_path": "/root/Main/DialogueBox/Panel/Text"
		  },
		  {
			"flags": 8,
			"method": "Viewport::canvas_parent_mark_dirty",
			"signal": "child_order_changed",
			"to_path": "/root"
		  }
		]
	  },
	  "/root/Main/DialogueBox/Panel/SpeakerLabel": {
		"connections_in": [
		  {
			"flags": 0,
			"from_path": "/root/Main/DialogueBox/Panel",
			"method": "Control::_size_changed",
			"signal": "item_rect_changed"
		  }
		],
		"connections_out": []
	  },
	  "/root/Main/DialogueBox/Panel/Text": {
		"connections_in": [
		  {
			"flags": 0,
			"from_path": "/root/Main/DialogueBox/Panel",
			"method": "Control::_size_changed",
			"signal": "item_rect_changed"
		  }
		],
		"connections_out": [
		  {
			"flags": 0,
			"method": "ScrollBar::_drag_node_input",
			"signal": "gui_input",
			"to_path": "/root/Main/DialogueBox/Panel/Text/@VScrollBar@2"
		  },
		  {
			"flags": 0,
			"method": "Control::_size_changed",
			"signal": "item_rect_changed",
			"to_path": "/root/Main/DialogueBox/Panel/Text/@VScrollBar@2"
		  },
		  {
			"flags": 4,
			"method": "ScrollBar::_drag_node_exit",
			"signal": "tree_exiting",
			"to_path": "/root/Main/DialogueBox/Panel/Text/@VScrollBar@2"
		  },
		  {
			"flags": 8,
			"method": "Viewport::canvas_parent_mark_dirty",
			"signal": "child_order_changed",
			"to_path": "/root"
		  }
		]
	  },
	  "/root/Main/Enemy": {
		"connections_in": [
		  {
			"flags": 0,
			"from_path": "/root/Main/Enemy/Detect",
			"method": "_on_body_entered",
			"signal": "body_entered"
		  },
		  {
			"flags": 0,
			"from_path": "/root/Main/Enemy/Detect",
			"method": "_on_body_exited",
			"signal": "body_exited"
		  }
		],
		"connections_out": [
		  {
			"flags": 8,
			"method": "Viewport::canvas_parent_mark_dirty",
			"signal": "child_order_changed",
			"to_path": "/root"
		  },
		  {
			"flags": 8,
			"method": "Viewport::gui_set_root_order_dirty",
			"signal": "child_order_changed",
			"to_path": "/root"
		  }
		]
	  },
	  "/root/Main/Enemy/AnimatedSprite2D": {
		"connections_in": [],
		"connections_out": []
	  },
	  "/root/Main/Enemy/Detect": {
		"connections_in": [],
		"connections_out": [
		  {
			"flags": 0,
			"method": "_on_body_entered",
			"signal": "body_entered",
			"to_path": "/root/Main/Enemy"
		  },
		  {
			"flags": 0,
			"method": "_on_body_exited",
			"signal": "body_exited",
			"to_path": "/root/Main/Enemy"
		  },
		  {
			"flags": 8,
			"method": "Viewport::canvas_parent_mark_dirty",
			"signal": "child_order_changed",
			"to_path": "/root"
		  },
		  {
			"flags": 8,
			"method": "Viewport::gui_set_root_order_dirty",
			"signal": "child_order_changed",
			"to_path": "/root"
		  }
		]
	  },
	  "/root/Main/Enemy/Detect/CollisionShape2D": {
		"connections_in": [],
		"connections_out": []
	  },
	  "/root/Main/Enemy/HPBar": {
		"connections_in": [],
		"connections_out": []
	  },
	  "/root/Main/Enemy/HitMap": {
		"connections_in": [],
		"connections_out": [
		  {
			"flags": 8,
			"method": "Viewport::canvas_parent_mark_dirty",
			"signal": "child_order_changed",
			"to_path": "/root"
		  },
		  {
			"flags": 8,
			"method": "Viewport::gui_set_root_order_dirty",
			"signal": "child_order_changed",
			"to_path": "/root"
		  }
		]
	  },
	  "/root/Main/Enemy/HitMap/HM_Arms": {
		"connections_in": [],
		"connections_out": []
	  },
	  "/root/Main/Enemy/HitMap/HM_Head": {
		"connections_in": [],
		"connections_out": []
	  },
	  "/root/Main/Enemy/HitMap/HM_Legs": {
		"connections_in": [],
		"connections_out": []
	  },
	  "/root/Main/Enemy/HitMap/HM_Torso": {
		"connections_in": [],
		"connections_out": []
	  },
	  "/root/Main/Enemy2": {
		"connections_in": [
		  {
			"flags": 0,
			"from_path": "/root/Main/Enemy2/Detect",
			"method": "_on_body_entered",
			"signal": "body_entered"
		  },
		  {
			"flags": 0,
			"from_path": "/root/Main/Enemy2/Detect",
			"method": "_on_body_exited",
			"signal": "body_exited"
		  }
		],
		"connections_out": [
		  {
			"flags": 8,
			"method": "Viewport::canvas_parent_mark_dirty",
			"signal": "child_order_changed",
			"to_path": "/root"
		  },
		  {
			"flags": 8,
			"method": "Viewport::gui_set_root_order_dirty",
			"signal": "child_order_changed",
			"to_path": "/root"
		  }
		]
	  },
	  "/root/Main/Enemy2/AnimatedSprite2D": {
		"connections_in": [],
		"connections_out": []
	  },
	  "/root/Main/Enemy2/Detect": {
		"connections_in": [],
		"connections_out": [
		  {
			"flags": 0,
			"method": "_on_body_entered",
			"signal": "body_entered",
			"to_path": "/root/Main/Enemy2"
		  },
		  {
			"flags": 0,
			"method": "_on_body_exited",
			"signal": "body_exited",
			"to_path": "/root/Main/Enemy2"
		  },
		  {
			"flags": 8,
			"method": "Viewport::canvas_parent_mark_dirty",
			"signal": "child_order_changed",
			"to_path": "/root"
		  },
		  {
			"flags": 8,
			"method": "Viewport::gui_set_root_order_dirty",
			"signal": "child_order_changed",
			"to_path": "/root"
		  }
		]
	  },
	  "/root/Main/Enemy2/Detect/CollisionShape2D": {
		"connections_in": [],
		"connections_out": []
	  },
	  "/root/Main/Enemy2/HPBar": {
		"connections_in": [],
		"connections_out": []
	  },
	  "/root/Main/Enemy2/HitMap": {
		"connections_in": [],
		"connections_out": [
		  {
			"flags": 8,
			"method": "Viewport::canvas_parent_mark_dirty",
			"signal": "child_order_changed",
			"to_path": "/root"
		  },
		  {
			"flags": 8,
			"method": "Viewport::gui_set_root_order_dirty",
			"signal": "child_order_changed",
			"to_path": "/root"
		  }
		]
	  },
	  "/root/Main/Enemy2/HitMap/HM_Arms": {
		"connections_in": [],
		"connections_out": []
	  },
	  "/root/Main/Enemy2/HitMap/HM_Head": {
		"connections_in": [],
		"connections_out": []
	  },
	  "/root/Main/Enemy2/HitMap/HM_Legs": {
		"connections_in": [],
		"connections_out": []
	  },
	  "/root/Main/Enemy2/HitMap/HM_Torso": {
		"connections_in": [],
		"connections_out": []
	  },
	  "/root/Main/Enemy3": {
		"connections_in": [
		  {
			"flags": 0,
			"from_path": "/root/Main/Enemy3/Detect",
			"method": "_on_body_entered",
			"signal": "body_entered"
		  },
		  {
			"flags": 0,
			"from_path": "/root/Main/Enemy3/Detect",
			"method": "_on_body_exited",
			"signal": "body_exited"
		  }
		],
		"connections_out": [
		  {
			"flags": 8,
			"method": "Viewport::canvas_parent_mark_dirty",
			"signal": "child_order_changed",
			"to_path": "/root"
		  },
		  {
			"flags": 8,
			"method": "Viewport::gui_set_root_order_dirty",
			"signal": "child_order_changed",
			"to_path": "/root"
		  }
		]
	  },
	  "/root/Main/Enemy3/AnimatedSprite2D": {
		"connections_in": [],
		"connections_out": []
	  },
	  "/root/Main/Enemy3/Detect": {
		"connections_in": [],
		"connections_out": [
		  {
			"flags": 0,
			"method": "_on_body_entered",
			"signal": "body_entered",
			"to_path": "/root/Main/Enemy3"
		  },
		  {
			"flags": 0,
			"method": "_on_body_exited",
			"signal": "body_exited",
			"to_path": "/root/Main/Enemy3"
		  },
		  {
			"flags": 8,
			"method": "Viewport::canvas_parent_mark_dirty",
			"signal": "child_order_changed",
			"to_path": "/root"
		  },
		  {
			"flags": 8,
			"method": "Viewport::gui_set_root_order_dirty",
			"signal": "child_order_changed",
			"to_path": "/root"
		  }
		]
	  },
	  "/root/Main/Enemy3/Detect/CollisionShape2D": {
		"connections_in": [],
		"connections_out": []
	  },
	  "/root/Main/Enemy3/HPBar": {
		"connections_in": [],
		"connections_out": []
	  },
	  "/root/Main/Enemy3/HitMap": {
		"connections_in": [],
		"connections_out": [
		  {
			"flags": 8,
			"method": "Viewport::canvas_parent_mark_dirty",
			"signal": "child_order_changed",
			"to_path": "/root"
		  },
		  {
			"flags": 8,
			"method": "Viewport::gui_set_root_order_dirty",
			"signal": "child_order_changed",
			"to_path": "/root"
		  }
		]
	  },
	  "/root/Main/Enemy3/HitMap/HM_Arms": {
		"connections_in": [],
		"connections_out": []
	  },
	  "/root/Main/Enemy3/HitMap/HM_Head": {
		"connections_in": [],
		"connections_out": []
	  },
	  "/root/Main/Enemy3/HitMap/HM_Legs": {
		"connections_in": [],
		"connections_out": []
	  },
	  "/root/Main/Enemy3/HitMap/HM_Torso": {
		"connections_in": [],
		"connections_out": []
	  },
	  "/root/Main/Enemy4": {
		"connections_in": [
		  {
			"flags": 0,
			"from_path": "/root/Main/Enemy4/Detect",
			"method": "_on_body_entered",
			"signal": "body_entered"
		  },
		  {
			"flags": 0,
			"from_path": "/root/Main/Enemy4/Detect",
			"method": "_on_body_exited",
			"signal": "body_exited"
		  }
		],
		"connections_out": [
		  {
			"flags": 8,
			"method": "Viewport::canvas_parent_mark_dirty",
			"signal": "child_order_changed",
			"to_path": "/root"
		  },
		  {
			"flags": 8,
			"method": "Viewport::gui_set_root_order_dirty",
			"signal": "child_order_changed",
			"to_path": "/root"
		  }
		]
	  },
	  "/root/Main/Enemy4/AnimatedSprite2D": {
		"connections_in": [],
		"connections_out": []
	  },
	  "/root/Main/Enemy4/Detect": {
		"connections_in": [],
		"connections_out": [
		  {
			"flags": 0,
			"method": "_on_body_entered",
			"signal": "body_entered",
			"to_path": "/root/Main/Enemy4"
		  },
		  {
			"flags": 0,
			"method": "_on_body_exited",
			"signal": "body_exited",
			"to_path": "/root/Main/Enemy4"
		  },
		  {
			"flags": 8,
			"method": "Viewport::canvas_parent_mark_dirty",
			"signal": "child_order_changed",
			"to_path": "/root"
		  },
		  {
			"flags": 8,
			"method": "Viewport::gui_set_root_order_dirty",
			"signal": "child_order_changed",
			"to_path": "/root"
		  }
		]
	  },
	  "/root/Main/Enemy4/Detect/CollisionShape2D": {
		"connections_in": [],
		"connections_out": []
	  },
	  "/root/Main/Enemy4/HPBar": {
		"connections_in": [],
		"connections_out": []
	  },
	  "/root/Main/Enemy4/HitMap": {
		"connections_in": [],
		"connections_out": [
		  {
			"flags": 8,
			"method": "Viewport::canvas_parent_mark_dirty",
			"signal": "child_order_changed",
			"to_path": "/root"
		  },
		  {
			"flags": 8,
			"method": "Viewport::gui_set_root_order_dirty",
			"signal": "child_order_changed",
			"to_path": "/root"
		  }
		]
	  },
	  "/root/Main/Enemy4/HitMap/HM_Arms": {
		"connections_in": [],
		"connections_out": []
	  },
	  "/root/Main/Enemy4/HitMap/HM_Head": {
		"connections_in": [],
		"connections_out": []
	  },
	  "/root/Main/Enemy4/HitMap/HM_Legs": {
		"connections_in": [],
		"connections_out": []
	  },
	  "/root/Main/Enemy4/HitMap/HM_Torso": {
		"connections_in": [],
		"connections_out": []
	  },
	  "/root/Main/Enemy5": {
		"connections_in": [
		  {
			"flags": 0,
			"from_path": "/root/Main/Enemy5/Detect",
			"method": "_on_body_entered",
			"signal": "body_entered"
		  },
		  {
			"flags": 0,
			"from_path": "/root/Main/Enemy5/Detect",
			"method": "_on_body_exited",
			"signal": "body_exited"
		  }
		],
		"connections_out": [
		  {
			"flags": 8,
			"method": "Viewport::canvas_parent_mark_dirty",
			"signal": "child_order_changed",
			"to_path": "/root"
		  },
		  {
			"flags": 8,
			"method": "Viewport::gui_set_root_order_dirty",
			"signal": "child_order_changed",
			"to_path": "/root"
		  }
		]
	  },
	  "/root/Main/Enemy5/AnimatedSprite2D": {
		"connections_in": [],
		"connections_out": []
	  },
	  "/root/Main/Enemy5/Detect": {
		"connections_in": [],
		"connections_out": [
		  {
			"flags": 0,
			"method": "_on_body_entered",
			"signal": "body_entered",
			"to_path": "/root/Main/Enemy5"
		  },
		  {
			"flags": 0,
			"method": "_on_body_exited",
			"signal": "body_exited",
			"to_path": "/root/Main/Enemy5"
		  },
		  {
			"flags": 8,
			"method": "Viewport::canvas_parent_mark_dirty",
			"signal": "child_order_changed",
			"to_path": "/root"
		  },
		  {
			"flags": 8,
			"method": "Viewport::gui_set_root_order_dirty",
			"signal": "child_order_changed",
			"to_path": "/root"
		  }
		]
	  },
	  "/root/Main/Enemy5/Detect/CollisionShape2D": {
		"connections_in": [],
		"connections_out": []
	  },
	  "/root/Main/Enemy5/HPBar": {
		"connections_in": [],
		"connections_out": []
	  },
	  "/root/Main/Enemy5/HitMap": {
		"connections_in": [],
		"connections_out": [
		  {
			"flags": 8,
			"method": "Viewport::canvas_parent_mark_dirty",
			"signal": "child_order_changed",
			"to_path": "/root"
		  },
		  {
			"flags": 8,
			"method": "Viewport::gui_set_root_order_dirty",
			"signal": "child_order_changed",
			"to_path": "/root"
		  }
		]
	  },
	  "/root/Main/Enemy5/HitMap/HM_Arms": {
		"connections_in": [],
		"connections_out": []
	  },
	  "/root/Main/Enemy5/HitMap/HM_Head": {
		"connections_in": [],
		"connections_out": []
	  },
	  "/root/Main/Enemy5/HitMap/HM_Legs": {
		"connections_in": [],
		"connections_out": []
	  },
	  "/root/Main/Enemy5/HitMap/HM_Torso": {
		"connections_in": [],
		"connections_out": []
	  },
	  "/root/Main/Enemy6": {
		"connections_in": [
		  {
			"flags": 0,
			"from_path": "/root/Main/Enemy6/Detect",
			"method": "_on_body_entered",
			"signal": "body_entered"
		  },
		  {
			"flags": 0,
			"from_path": "/root/Main/Enemy6/Detect",
			"method": "_on_body_exited",
			"signal": "body_exited"
		  }
		],
		"connections_out": [
		  {
			"flags": 8,
			"method": "Viewport::canvas_parent_mark_dirty",
			"signal": "child_order_changed",
			"to_path": "/root"
		  },
		  {
			"flags": 8,
			"method": "Viewport::gui_set_root_order_dirty",
			"signal": "child_order_changed",
			"to_path": "/root"
		  }
		]
	  },
	  "/root/Main/Enemy6/AnimatedSprite2D": {
		"connections_in": [],
		"connections_out": []
	  },
	  "/root/Main/Enemy6/Detect": {
		"connections_in": [],
		"connections_out": [
		  {
			"flags": 0,
			"method": "_on_body_entered",
			"signal": "body_entered",
			"to_path": "/root/Main/Enemy6"
		  },
		  {
			"flags": 0,
			"method": "_on_body_exited",
			"signal": "body_exited",
			"to_path": "/root/Main/Enemy6"
		  },
		  {
			"flags": 8,
			"method": "Viewport::canvas_parent_mark_dirty",
			"signal": "child_order_changed",
			"to_path": "/root"
		  },
		  {
			"flags": 8,
			"method": "Viewport::gui_set_root_order_dirty",
			"signal": "child_order_changed",
			"to_path": "/root"
		  }
		]
	  },
	  "/root/Main/Enemy6/Detect/CollisionShape2D": {
		"connections_in": [],
		"connections_out": []
	  },
	  "/root/Main/Enemy6/HPBar": {
		"connections_in": [],
		"connections_out": []
	  },
	  "/root/Main/Enemy6/HitMap": {
		"connections_in": [],
		"connections_out": [
		  {
			"flags": 8,
			"method": "Viewport::canvas_parent_mark_dirty",
			"signal": "child_order_changed",
			"to_path": "/root"
		  },
		  {
			"flags": 8,
			"method": "Viewport::gui_set_root_order_dirty",
			"signal": "child_order_changed",
			"to_path": "/root"
		  }
		]
	  },
	  "/root/Main/Enemy6/HitMap/HM_Arms": {
		"connections_in": [],
		"connections_out": []
	  },
	  "/root/Main/Enemy6/HitMap/HM_Head": {
		"connections_in": [],
		"connections_out": []
	  },
	  "/root/Main/Enemy6/HitMap/HM_Legs": {
		"connections_in": [],
		"connections_out": []
	  },
	  "/root/Main/Enemy6/HitMap/HM_Torso": {
		"connections_in": [],
		"connections_out": []
	  },
	  "/root/Main/GateBlocker": {
		"connections_in": [],
		"connections_out": [
		  {
			"flags": 8,
			"method": "Viewport::canvas_parent_mark_dirty",
			"signal": "child_order_changed",
			"to_path": "/root"
		  },
		  {
			"flags": 8,
			"method": "Viewport::gui_set_root_order_dirty",
			"signal": "child_order_changed",
			"to_path": "/root"
		  }
		]
	  },
	  "/root/Main/GateBlocker/CollisionShape2D": {
		"connections_in": [],
		"connections_out": []
	  },
	  "/root/Main/GateBlocker/Sprite2D": {
		"connections_in": [],
		"connections_out": []
	  },
	  "/root/Main/Gatekeeper": {
		"connections_in": [
		  {
			"flags": 18,
			"from_path": "/root/Main/Gatekeeper/InteractArea",
			"method": "_on_interact_area_body_entered",
			"signal": "body_entered"
		  },
		  {
			"flags": 0,
			"from_path": "/root/Main/Gatekeeper/InteractArea",
			"method": "_on_InteractArea_body_entered",
			"signal": "body_entered"
		  },
		  {
			"flags": 18,
			"from_path": "/root/Main/Gatekeeper/InteractArea",
			"method": "_on_interact_area_body_exited",
			"signal": "body_exited"
		  },
		  {
			"flags": 0,
			"from_path": "/root/Main/Gatekeeper/InteractArea",
			"method": "_on_InteractArea_body_exited",
			"signal": "body_exited"
		  }
		],
		"connections_out": [
		  {
			"flags": 8,
			"method": "Viewport::canvas_parent_mark_dirty",
			"signal": "child_order_changed",
			"to_path": "/root"
		  },
		  {
			"flags": 8,
			"method": "Viewport::gui_set_root_order_dirty",
			"signal": "child_order_changed",
			"to_path": "/root"
		  }
		]
	  },
	  "/root/Main/Gatekeeper/AnimatedSprite2D": {
		"connections_in": [],
		"connections_out": []
	  },
	  "/root/Main/Gatekeeper/BodyCollider": {
		"connections_in": [],
		"connections_out": []
	  },
	  "/root/Main/Gatekeeper/InteractArea": {
		"connections_in": [],
		"connections_out": [
		  {
			"flags": 18,
			"method": "_on_interact_area_body_entered",
			"signal": "body_entered",
			"to_path": "/root/Main/Gatekeeper"
		  },
		  {
			"flags": 0,
			"method": "_on_InteractArea_body_entered",
			"signal": "body_entered",
			"to_path": "/root/Main/Gatekeeper"
		  },
		  {
			"flags": 18,
			"method": "_on_interact_area_body_exited",
			"signal": "body_exited",
			"to_path": "/root/Main/Gatekeeper"
		  },
		  {
			"flags": 0,
			"method": "_on_InteractArea_body_exited",
			"signal": "body_exited",
			"to_path": "/root/Main/Gatekeeper"
		  },
		  {
			"flags": 8,
			"method": "Viewport::canvas_parent_mark_dirty",
			"signal": "child_order_changed",
			"to_path": "/root"
		  },
		  {
			"flags": 8,
			"method": "Viewport::gui_set_root_order_dirty",
			"signal": "child_order_changed",
			"to_path": "/root"
		  }
		]
	  },
	  "/root/Main/Gatekeeper/InteractArea/CollisionShape2D": {
		"connections_in": [],
		"connections_out": []
	  },
	  "/root/Main/HUD": {
		"connections_in": [],
		"connections_out": [
		  {
			"flags": 8,
			"method": "Viewport::gui_set_root_order_dirty",
			"signal": "child_order_changed",
			"to_path": "/root"
		  },
		  {
			"flags": 8,
			"method": "Viewport::canvas_parent_mark_dirty",
			"signal": "child_order_changed",
			"to_path": "/root"
		  }
		]
	  },
	  "/root/Main/HUD/Crosshair": {
		"connections_in": [],
		"connections_out": []
	  },
	  "/root/Main/NPCRust": {
		"connections_in": [
		  {
			"flags": 18,
			"from_path": "/root/Main/NPCRust/InteractArea",
			"method": "_on_interact_area_body_entered",
			"signal": "body_entered"
		  },
		  {
			"flags": 0,
			"from_path": "/root/Main/NPCRust/InteractArea",
			"method": "_on_InteractArea_body_entered",
			"signal": "body_entered"
		  },
		  {
			"flags": 18,
			"from_path": "/root/Main/NPCRust/InteractArea",
			"method": "_on_interact_area_body_exited",
			"signal": "body_exited"
		  },
		  {
			"flags": 0,
			"from_path": "/root/Main/NPCRust/InteractArea",
			"method": "_on_InteractArea_body_exited",
			"signal": "body_exited"
		  }
		],
		"connections_out": [
		  {
			"flags": 8,
			"method": "Viewport::canvas_parent_mark_dirty",
			"signal": "child_order_changed",
			"to_path": "/root"
		  },
		  {
			"flags": 8,
			"method": "Viewport::gui_set_root_order_dirty",
			"signal": "child_order_changed",
			"to_path": "/root"
		  }
		]
	  },
	  "/root/Main/NPCRust/AnimatedSprite2D": {
		"connections_in": [],
		"connections_out": []
	  },
	  "/root/Main/NPCRust/BodyCollider": {
		"connections_in": [],
		"connections_out": []
	  },
	  "/root/Main/NPCRust/InteractArea": {
		"connections_in": [],
		"connections_out": [
		  {
			"flags": 18,
			"method": "_on_interact_area_body_entered",
			"signal": "body_entered",
			"to_path": "/root/Main/NPCRust"
		  },
		  {
			"flags": 0,
			"method": "_on_InteractArea_body_entered",
			"signal": "body_entered",
			"to_path": "/root/Main/NPCRust"
		  },
		  {
			"flags": 18,
			"method": "_on_interact_area_body_exited",
			"signal": "body_exited",
			"to_path": "/root/Main/NPCRust"
		  },
		  {
			"flags": 0,
			"method": "_on_InteractArea_body_exited",
			"signal": "body_exited",
			"to_path": "/root/Main/NPCRust"
		  },
		  {
			"flags": 8,
			"method": "Viewport::canvas_parent_mark_dirty",
			"signal": "child_order_changed",
			"to_path": "/root"
		  },
		  {
			"flags": 8,
			"method": "Viewport::gui_set_root_order_dirty",
			"signal": "child_order_changed",
			"to_path": "/root"
		  }
		]
	  },
	  "/root/Main/NPCRust/InteractArea/CollisionShape2D": {
		"connections_in": [],
		"connections_out": []
	  },
	  "/root/Main/NPCScrapjack": {
		"connections_in": [
		  {
			"flags": 18,
			"from_path": "/root/Main/NPCScrapjack/InteractArea",
			"method": "_on_interact_area_body_entered",
			"signal": "body_entered"
		  },
		  {
			"flags": 0,
			"from_path": "/root/Main/NPCScrapjack/InteractArea",
			"method": "_on_InteractArea_body_entered",
			"signal": "body_entered"
		  },
		  {
			"flags": 18,
			"from_path": "/root/Main/NPCScrapjack/InteractArea",
			"method": "_on_interact_area_body_exited",
			"signal": "body_exited"
		  },
		  {
			"flags": 0,
			"from_path": "/root/Main/NPCScrapjack/InteractArea",
			"method": "_on_InteractArea_body_exited",
			"signal": "body_exited"
		  }
		],
		"connections_out": [
		  {
			"flags": 8,
			"method": "Viewport::canvas_parent_mark_dirty",
			"signal": "child_order_changed",
			"to_path": "/root"
		  },
		  {
			"flags": 8,
			"method": "Viewport::gui_set_root_order_dirty",
			"signal": "child_order_changed",
			"to_path": "/root"
		  }
		]
	  },
	  "/root/Main/NPCScrapjack/AnimatedSprite2D": {
		"connections_in": [],
		"connections_out": []
	  },
	  "/root/Main/NPCScrapjack/BodyCollider": {
		"connections_in": [],
		"connections_out": []
	  },
	  "/root/Main/NPCScrapjack/InteractArea": {
		"connections_in": [],
		"connections_out": [
		  {
			"flags": 18,
			"method": "_on_interact_area_body_entered",
			"signal": "body_entered",
			"to_path": "/root/Main/NPCScrapjack"
		  },
		  {
			"flags": 0,
			"method": "_on_InteractArea_body_entered",
			"signal": "body_entered",
			"to_path": "/root/Main/NPCScrapjack"
		  },
		  {
			"flags": 18,
			"method": "_on_interact_area_body_exited",
			"signal": "body_exited",
			"to_path": "/root/Main/NPCScrapjack"
		  },
		  {
			"flags": 0,
			"method": "_on_InteractArea_body_exited",
			"signal": "body_exited",
			"to_path": "/root/Main/NPCScrapjack"
		  },
		  {
			"flags": 8,
			"method": "Viewport::canvas_parent_mark_dirty",
			"signal": "child_order_changed",
			"to_path": "/root"
		  },
		  {
			"flags": 8,
			"method": "Viewport::gui_set_root_order_dirty",
			"signal": "child_order_changed",
			"to_path": "/root"
		  }
		]
	  },
	  "/root/Main/NPCScrapjack/InteractArea/CollisionShape2D": {
		"connections_in": [],
		"connections_out": []
	  },
	  "/root/Main/Outpost": {
		"connections_in": [],
		"connections_out": [
		  {
			"flags": 8,
			"method": "Viewport::canvas_parent_mark_dirty",
			"signal": "child_order_changed",
			"to_path": "/root"
		  },
		  {
			"flags": 8,
			"method": "Viewport::gui_set_root_order_dirty",
			"signal": "child_order_changed",
			"to_path": "/root"
		  }
		]
	  },
	  "/root/Main/Outpost/Outpost": {
		"connections_in": [
		  {
			"flags": 0,
			"from_path": "/root/Main/Outpost/Outpost",
			"method": "TileMapLayer::_renamed",
			"signal": "renamed"
		  }
		],
		"connections_out": [
		  {
			"flags": 0,
			"method": "TileMapLayer::_renamed",
			"signal": "renamed",
			"to_path": "/root/Main/Outpost/Outpost"
		  }
		]
	  },
	  "/root/Main/Player": {
		"connections_in": [],
		"connections_out": [
		  {
			"flags": 8,
			"method": "Viewport::canvas_parent_mark_dirty",
			"signal": "child_order_changed",
			"to_path": "/root"
		  },
		  {
			"flags": 8,
			"method": "Viewport::gui_set_root_order_dirty",
			"signal": "child_order_changed",
			"to_path": "/root"
		  }
		]
	  },
	  "/root/Main/Player/AnimatedSprite2D": {
		"connections_in": [],
		"connections_out": []
	  },
	  "/root/Main/Player/Camera2D": {
		"connections_in": [],
		"connections_out": []
	  },
	  "/root/Main/Player/CollisionShape2D": {
		"connections_in": [],
		"connections_out": []
	  },
	  "/root/Main/Player/HPBar": {
		"connections_in": [],
		"connections_out": []
	  },
	  "/root/Main/Player/WeaponPistol": {
		"connections_in": [],
		"connections_out": []
	  },
	  "/root/QuestState": {
		"connections_in": [],
		"connections_out": []
	  }
	}
  },
  "weapons": [
	"/root/Main/Player/WeaponPistol"
  ]
}
