{
  "autoloads": [
    {
      "class": "Node",
      "name": "FactionManager",
      "script_path": "res://scripts/autoload/FactionManagerA.gd"
    },
    {
      "class": "Node",
      "name": "QuestState",
      "script_path": "res://scripts/autoload/QuestStateA.gd"
    },
    {
      "class": "Node",
      "name": "CombatBus",
      "script_path": "res://scripts/autoload/CombatBusA.gd"
    }
  ],
  "camera": {
    "path": "/root/Main/Player/Camera2D",
    "script_path": "res://scripts/fx/CameraCursorFocus2D.gd",
    "zoom": [
      1.0,
      1.0
    ]
  },
  "counts": {
    "autoloads": 3,
    "custom_actions": 9,
    "enemies": 8,
    "npcs": 4,
    "weapons": 1
  },
  "crosshair": {
    "count": 1,
    "nodes": [
      "/root/Main/HUD/Crosshair"
    ]
  },
  "data": {
    "dialogue": {
      "Rust": {
        "default": "Keep your head down.",
        "lines": [
          "New face, eh? You’re either with someone… or you’re in trouble.",
          "Make yourself useful and folks around here will notice."
        ]
      },
      "Scrapjack": {
        "after_complete": "Already told Vex you’re okay.",
        "ask": "Bring me a coil fragment and I’ll put in a good word.",
        "on_complete_rep": [
          "ScavengerSyndicate",
          1.0
        ],
        "on_complete_text": "Perfect. I’ll tell the gatekeeper you’re alright."
      },
      "WardenVex": {
        "allowed": "Word is you’ve earned your place. Gate’s open.",
        "denied": "Gate’s shut. Make yourself useful and come back."
      }
    },
    "factions": {
      "MerchantCircle": {
        "display": "Merchant’s Circle",
        "max": 5.0,
        "min": -5.0,
        "start": 0.0
      },
      "ScavengerSyndicate": {
        "display": "Scavenger Syndicate",
        "max": 5.0,
        "min": -5.0,
        "start": 0.0
      }
    }
  },
  "fs_tree": {
    "children": [
      {
        "children": [
          {
            "children": [
              {
                "files": [
                  "NPC_Scavenger.tscn",
                  "enemy_frames.tres",
                  "npc_frames.tres",
                  "raider_spritesheet_64_3x4.png",
                  "raider_spritesheet_64_3x4.png.import",
                  "scavenger_actions_64_7x4.png",
                  "scavenger_actions_64_7x4.png.import",
                  "scavenger_actions_96_7x4.png",
                  "scavenger_actions_96_7x4.png.import",
                  "scavenger_frames.tres",
                  "scrapjack_spritesheet_64_3x4.png",
                  "scrapjack_spritesheet_64_3x4.png.import",
                  "syndicate_frames.tres",
                  "syndicate_from_baseline_64_7x4.png",
                  "syndicate_from_baseline_64_7x4.png.import",
                  "syndicate_from_baseline_96_7x4.png",
                  "syndicate_from_baseline_96_7x4.png.import"
                ],
                "path": "res://art/sprites/npc",
                "subdirs": []
              },
              {
                "files": [
                  "player_frames.tres",
                  "wanderer_actions_64_7x4.png",
                  "wanderer_actions_64_7x4.png.import",
                  "wanderer_actions_lr_flash_cleanbase_96_7x4 (1).png",
                  "wanderer_actions_lr_flash_cleanbase_96_7x4 (1).png.import",
                  "wanderer_spritesheet_64_3x4.png",
                  "wanderer_spritesheet_64_3x4.png.import"
                ],
                "path": "res://art/sprites/player",
                "subdirs": []
              }
            ],
            "files": [],
            "path": "res://art/sprites"
          },
          {
            "children": [],
            "files": [
              "scrapspire_tiles_64.png",
              "scrapspire_tiles_64.png.import",
              "scrapspire_tileset.tres"
            ],
            "path": "res://art/tiles"
          },
          {
            "children": [],
            "files": [
              "crosshair_24.png",
              "crosshair_24.png.import",
              "scrapspire_panel_9patch.png",
              "scrapspire_panel_9patch.png.import"
            ],
            "path": "res://art/ui"
          }
        ],
        "files": [],
        "path": "res://art"
      },
      {
        "children": [
          {
            "children": [],
            "files": [
              "163456__lemudcrab__pistol-shot.wav",
              "163456__lemudcrab__pistol-shot.wav.import"
            ],
            "path": "res://assets/sfx"
          }
        ],
        "files": [],
        "path": "res://assets"
      },
      {
        "children": [],
        "files": [
          "dialogue.json",
          "factions.json"
        ],
        "path": "res://data"
      },
      {
        "children": [
          {
            "children": [],
            "files": [
              "Enemy.tscn",
              "Gatekeeper.tscn",
              "NPC.tscn",
              "NPC_Scavenger.tscn",
              "NPC_Syndicate.tscn",
              "Player.tscn"
            ],
            "path": "res://scenes/actors"
          },
          {
            "children": [],
            "files": [
              "DummyTarget.tscn",
              "WeaponPistol.tscn",
              "WeaponPistol_new.tscn"
            ],
            "path": "res://scenes/combat"
          },
          {
            "children": [],
            "files": [
              "Main.tscn"
            ],
            "path": "res://scenes/main"
          },
          {
            "children": [],
            "files": [
              "DialogueBox.tscn"
            ],
            "path": "res://scenes/ui"
          },
          {
            "children": [],
            "files": [
              "CoilPickup.tscn",
              "GateBlocker.tscn",
              "NPCSpawner.tscn",
              "Outpost.tscn"
            ],
            "path": "res://scenes/world"
          }
        ],
        "files": [],
        "path": "res://scenes"
      },
      {
        "children": [
          {
            "children": [],
            "files": [
              "Enemy.gd",
              "Enemy.gd.uid",
              "Gatekeeper.gd",
              "Gatekeeper.gd.uid",
              "NPC.gd",
              "NPC.gd.uid",
              "NPC_Scavenger.gd",
              "NPC_Scavenger.gd.uid",
              "NPC_Syndicate.gd",
              "NPC_Syndicate.gd.uid",
              "Player.gd",
              "Player.gd.uid"
            ],
            "path": "res://scripts/actors"
          },
          {
            "children": [],
            "files": [
              "CombatBusA.gd",
              "CombatBusA.gd.uid",
              "FactionManagerA.gd",
              "FactionManagerA.gd.uid",
              "QuestStateA.gd",
              "QuestStateA.gd.uid"
            ],
            "path": "res://scripts/autoload"
          },
          {
            "children": [],
            "files": [
              "Damageable.gd",
              "Damageable.gd.uid",
              "EnemyHitMap.gd",
              "EnemyHitMap.gd.uid",
              "WeaponPistol.gd",
              "WeaponPistol.gd.uid",
              "WeaponPistol_new.gd",
              "WeaponPistol_new.gd.uid"
            ],
            "path": "res://scripts/combat"
          },
          {
            "children": [],
            "files": [
              "CameraCursorFocus2D.gd",
              "CameraCursorFocus2D.gd.uid",
              "FloatingText2D.gd",
              "FloatingText2D.gd.uid"
            ],
            "path": "res://scripts/fx"
          },
          {
            "children": [],
            "files": [
              "Crosshair.gd",
              "Crosshair.gd.uid",
              "DialogueBox.gd",
              "DialogueBox.gd.uid",
              "HPBar.gd",
              "HPBar.gd.uid",
              "HPBarPlayer.gd",
              "HPBarPlayer.gd.uid"
            ],
            "path": "res://scripts/ui"
          },
          {
            "children": [],
            "files": [
              "CoilPickup.gd",
              "CoilPickup.gd.uid",
              "NPCspawner.gd",
              "NPCspawner.gd.uid"
            ],
            "path": "res://scripts/world"
          }
        ],
        "files": [
          "Main.gd",
          "Main.gd.uid",
          "ProjectSnapshot.gd",
          "ProjectSnapshot.gd.uid"
        ],
        "path": "res://scripts"
      },
      {
        "children": [],
        "files": [
          "snapshot_2025-08-17T20-37-18.json",
          "snapshot_2025-08-17T21-07-37.json",
          "snapshot_2025-08-17T21-13-46.json",
          "snapshot_2025-08-17T21-14-02.json",
          "snapshot_2025-08-17T21-20-38.json",
          "snapshot_2025-08-17T21-23-52.json",
          "snapshot_2025-08-17T21-25-25.json",
          "snapshot_2025-08-17T21-27-09.json",
          "snapshot_2025-08-17T21-27-25.json",
          "snapshot_2025-08-17T21-45-15.json",
          "snapshot_2025-08-17T21-47-10.json",
          "snapshot_2025-08-17T21-47-36.json",
          "snapshot_2025-08-17T21-48-13.json",
          "snapshot_2025-08-17T21-48-24.json",
          "snapshot_2025-08-17T21-48-41.json",
          "snapshot_2025-08-17T21-48-54.json",
          "snapshot_2025-08-17T21-49-12.json",
          "snapshot_2025-08-17T21-49-38.json",
          "snapshot_2025-08-17T21-49-54.json",
          "snapshot_2025-08-17T21-50-02.json",
          "snapshot_2025-08-17T21-50-18.json",
          "snapshot_2025-08-17T21-50-45.json",
          "snapshot_2025-08-17T21-51-00.json",
          "snapshot_2025-08-17T21-52-24.json",
          "snapshot_2025-08-17T21-53-03.json",
          "snapshot_2025-08-17T22-08-00.json",
          "snapshot_2025-08-17T22-08-56.json",
          "snapshot_2025-08-17T22-10-33.json",
          "snapshot_2025-08-17T22-16-23.json",
          "snapshot_2025-08-17T22-16-43.json",
          "snapshot_2025-08-17T22-17-00.json",
          "snapshot_2025-08-17T22-19-42.json",
          "snapshot_2025-08-17T22-26-25.json",
          "snapshot_2025-08-17T22-26-57.json",
          "snapshot_2025-08-17T22-27-15.json",
          "snapshot_2025-08-17T22-42-42.json",
          "snapshot_2025-08-17T22-54-12.json",
          "snapshot_2025-08-17T22-54-42.json",
          "snapshot_2025-08-17T22-56-24.json",
          "snapshot_2025-08-17T22-58-26.json",
          "snapshot_2025-08-17T23-00-34.json",
          "snapshot_2025-08-17T23-13-21.json",
          "snapshot_2025-08-17T23-13-35.json",
          "snapshot_2025-08-17T23-19-47.json",
          "snapshot_2025-08-17T23-19-58.json",
          "snapshot_2025-08-17T23-50-28.json",
          "snapshot_2025-08-17T23-52-40.json",
          "snapshot_2025-08-17T23-52-46.json",
          "snapshot_2025-08-17T23-52-53.json",
          "snapshot_2025-08-18T00-01-27.json",
          "snapshot_2025-08-18T00-01-34.json",
          "snapshot_2025-08-18T00-01-44.json",
          "snapshot_2025-08-18T00-01-54.json",
          "snapshot_2025-08-18T00-04-41.json",
          "snapshot_2025-08-18T00-05-58.json",
          "snapshot_2025-08-18T00-06-03.json",
          "snapshot_2025-08-18T00-06-09.json",
          "snapshot_2025-08-18T00-06-45.json",
          "snapshot_2025-08-18T00-10-00.json",
          "snapshot_2025-08-18T00-10-20.json",
          "snapshot_2025-08-18T00-11-25.json",
          "snapshot_2025-08-18T00-11-53.json",
          "snapshot_2025-08-18T00-11-56.json",
          "snapshot_2025-08-18T00-12-03.json",
          "snapshot_2025-08-18T00-12-35.json",
          "snapshot_2025-08-18T00-12-54.json",
          "snapshot_2025-08-18T00-13-13.json",
          "snapshot_2025-08-18T00-15-33.json",
          "snapshot_2025-08-18T00-16-11.json",
          "snapshot_2025-08-18T00-16-18.json",
          "snapshot_2025-08-18T00-16-24.json",
          "snapshot_2025-08-18T00-16-31.json",
          "snapshot_2025-08-18T00-17-20.json",
          "snapshot_2025-08-18T00-17-26.json",
          "snapshot_2025-08-18T00-17-33.json",
          "snapshot_2025-08-18T00-17-40.json",
          "snapshot_2025-08-18T00-18-04.json",
          "snapshot_2025-08-18T00-18-10.json",
          "snapshot_2025-08-18T00-21-33.json",
          "snapshot_2025-08-18T00-21-43.json",
          "snapshot_2025-08-18T00-22-17.json",
          "snapshot_2025-08-18T00-24-02.json",
          "snapshot_2025-08-18T00-24-15.json",
          "snapshot_2025-08-18T00-24-22.json",
          "snapshot_2025-08-18T00-24-31.json",
          "snapshot_2025-08-18T00-24-40.json",
          "snapshot_2025-08-18T00-25-16.json",
          "snapshot_2025-08-18T00-25-49.json",
          "snapshot_2025-08-18T00-25-55.json",
          "snapshot_2025-08-18T00-26-12.json",
          "snapshot_2025-08-18T00-26-28.json",
          "snapshot_2025-08-18T19-41-32.json",
          "snapshot_2025-08-18T19-41-51.json",
          "snapshot_2025-08-18T19-42-13.json",
          "snapshot_2025-08-18T19-42-40.json",
          "snapshot_2025-08-18T19-53-34.json",
          "snapshot_2025-08-18T19-53-51.json",
          "snapshot_2025-08-18T19-54-18.json",
          "snapshot_2025-08-19T21-13-10.json",
          "snapshot_2025-08-19T21-13-17.json",
          "snapshot_2025-08-19T21-16-25.json",
          "snapshot_2025-08-19T21-16-32.json",
          "snapshot_2025-08-19T21-17-15.json",
          "snapshot_2025-08-19T21-17-38.json",
          "snapshot_2025-08-19T21-18-12.json",
          "snapshot_2025-08-19T21-26-59.json",
          "snapshot_2025-08-19T21-27-18.json",
          "snapshot_2025-08-19T21-27-26.json",
          "snapshot_2025-08-19T21-28-54.json",
          "snapshot_2025-08-19T21-29-00.json",
          "snapshot_2025-08-19T21-29-31.json",
          "snapshot_2025-08-19T21-29-53.json",
          "snapshot_2025-08-19T21-30-53.json",
          "snapshot_2025-08-19T21-31-04.json",
          "snapshot_2025-08-19T21-31-32.json",
          "snapshot_2025-08-19T21-32-29.json",
          "snapshot_2025-08-19T21-33-02.json",
          "snapshot_2025-08-19T21-33-13.json",
          "snapshot_2025-08-19T21-33-50.json",
          "snapshot_2025-08-19T21-37-46.json",
          "snapshot_2025-08-19T21-38-04.json",
          "snapshot_2025-08-19T21-38-35.json",
          "snapshot_2025-08-19T21-38-45.json",
          "snapshot_2025-08-19T21-39-28.json",
          "snapshot_2025-08-19T21-39-31.json",
          "snapshot_2025-08-19T21-39-36.json"
        ],
        "path": "res://snapshots"
      }
    ],
    "files": [
      "export_presets.cfg",
      "icon.svg",
      "icon.svg.import",
      "project.godot"
    ],
    "path": "res://"
  },
  "input_actions": {
    "aim": 1,
    "confirm": 1,
    "fire": 1,
    "interact": 1,
    "move_down": 2,
    "move_left": 2,
    "move_right": 2,
    "move_up": 2,
    "skip": 1
  },
  "input_bindings": {
    "aim": [
      "Space (Physical)"
    ],
    "confirm": [
      "Enter (Physical)"
    ],
    "fire": [
      "Left Mouse Button"
    ],
    "interact": [
      "E (Physical)"
    ],
    "move_down": [
      "S (Physical)",
      "Down (Physical)"
    ],
    "move_left": [
      "A (Physical)",
      "Left (Physical)"
    ],
    "move_right": [
      "D (Physical)",
      "Right (Physical)"
    ],
    "move_up": [
      "W (Physical)",
      "Up (Physical)"
    ],
    "skip": [
      "Escape (Physical)"
    ]
  },
  "node_exports": {
    "/root/Main/CoilPickup": {
      "quest_id": "coil_fragment"
    },
    "/root/Main/DialogueBox": {
      "auto_hide_seconds": 0.0
    },
    "/root/Main/Enemy": {
      "arm_delay_time": 1.0,
      "arm_mult": 0.75,
      "attack_cooldown": 0.8,
      "attack_damage": 10,
      "attack_range": 28.0,
      "debug_enabled": true,
      "debug_interval": 0.75,
      "faction": "Raiders",
      "head_mult": 2.0,
      "head_stagger_time": 0.6,
      "leg_affects_shooting": true,
      "leg_mult": 0.8,
      "leg_shoot_rate_mult": 2.0,
      "leg_slow_mult": 0.25,
      "leg_slow_time": 20.0,
      "max_hp": 40,
      "ray_mask": 1,
      "shoot_cooldown": 0.9,
      "shoot_damage": 8,
      "shoot_range": 140.0,
      "speed": 120.0
    },
    "/root/Main/Enemy/HPBar": {
      "offset": "(0.0, -36.0)",
      "size": "(32.0, 4.0)"
    },
    "/root/Main/Enemy2": {
      "arm_delay_time": 1.0,
      "arm_mult": 0.75,
      "attack_cooldown": 0.8,
      "attack_damage": 10,
      "attack_range": 28.0,
      "debug_enabled": true,
      "debug_interval": 0.75,
      "faction": "Raiders",
      "head_mult": 2.0,
      "head_stagger_time": 0.6,
      "leg_affects_shooting": true,
      "leg_mult": 0.8,
      "leg_shoot_rate_mult": 2.0,
      "leg_slow_mult": 0.25,
      "leg_slow_time": 20.0,
      "max_hp": 40,
      "ray_mask": 1,
      "shoot_cooldown": 0.9,
      "shoot_damage": 8,
      "shoot_range": 140.0,
      "speed": 120.0
    },
    "/root/Main/Enemy2/HPBar": {
      "offset": "(0.0, -36.0)",
      "size": "(32.0, 4.0)"
    },
    "/root/Main/Enemy3": {
      "arm_delay_time": 1.0,
      "arm_mult": 0.75,
      "attack_cooldown": 0.8,
      "attack_damage": 10,
      "attack_range": 28.0,
      "debug_enabled": true,
      "debug_interval": 0.75,
      "faction": "Raiders",
      "head_mult": 2.0,
      "head_stagger_time": 0.6,
      "leg_affects_shooting": true,
      "leg_mult": 0.8,
      "leg_shoot_rate_mult": 2.0,
      "leg_slow_mult": 0.25,
      "leg_slow_time": 20.0,
      "max_hp": 40,
      "ray_mask": 1,
      "shoot_cooldown": 0.9,
      "shoot_damage": 8,
      "shoot_range": 140.0,
      "speed": 120.0
    },
    "/root/Main/Enemy3/HPBar": {
      "offset": "(0.0, -36.0)",
      "size": "(32.0, 4.0)"
    },
    "/root/Main/Enemy4": {
      "arm_delay_time": 1.0,
      "arm_mult": 0.75,
      "attack_cooldown": 0.8,
      "attack_damage": 10,
      "attack_range": 28.0,
      "debug_enabled": true,
      "debug_interval": 0.75,
      "faction": "Raiders",
      "head_mult": 2.0,
      "head_stagger_time": 0.6,
      "leg_affects_shooting": true,
      "leg_mult": 0.8,
      "leg_shoot_rate_mult": 2.0,
      "leg_slow_mult": 0.25,
      "leg_slow_time": 20.0,
      "max_hp": 40,
      "ray_mask": 1,
      "shoot_cooldown": 0.9,
      "shoot_damage": 8,
      "shoot_range": 140.0,
      "speed": 120.0
    },
    "/root/Main/Enemy4/HPBar": {
      "offset": "(0.0, -36.0)",
      "size": "(32.0, 4.0)"
    },
    "/root/Main/Enemy5": {
      "arm_delay_time": 1.0,
      "arm_mult": 0.75,
      "attack_cooldown": 0.8,
      "attack_damage": 10,
      "attack_range": 28.0,
      "debug_enabled": true,
      "debug_interval": 0.75,
      "faction": "Raiders",
      "head_mult": 2.0,
      "head_stagger_time": 0.6,
      "leg_affects_shooting": true,
      "leg_mult": 0.8,
      "leg_shoot_rate_mult": 2.0,
      "leg_slow_mult": 0.25,
      "leg_slow_time": 20.0,
      "max_hp": 40,
      "ray_mask": 1,
      "shoot_cooldown": 0.9,
      "shoot_damage": 8,
      "shoot_range": 140.0,
      "speed": 120.0
    },
    "/root/Main/Enemy5/HPBar": {
      "offset": "(0.0, -36.0)",
      "size": "(32.0, 4.0)"
    },
    "/root/Main/Enemy6": {
      "arm_delay_time": 1.0,
      "arm_mult": 0.75,
      "attack_cooldown": 0.8,
      "attack_damage": 10,
      "attack_range": 28.0,
      "debug_enabled": true,
      "debug_interval": 0.75,
      "faction": "Raiders",
      "head_mult": 2.0,
      "head_stagger_time": 0.6,
      "leg_affects_shooting": true,
      "leg_mult": 0.8,
      "leg_shoot_rate_mult": 2.0,
      "leg_slow_mult": 0.25,
      "leg_slow_time": 20.0,
      "max_hp": 40,
      "ray_mask": 1,
      "shoot_cooldown": 0.9,
      "shoot_damage": 8,
      "shoot_range": 140.0,
      "speed": 120.0
    },
    "/root/Main/Enemy6/HPBar": {
      "offset": "(0.0, -36.0)",
      "size": "(32.0, 4.0)"
    },
    "/root/Main/HUD/Crosshair": {
      "base_radius": 6.0,
      "bloom_falloff": 10.0,
      "gap": 4.0,
      "line_len": 6.0,
      "max_bloom_ads": 2.0,
      "max_bloom_hip": 5.0,
      "thickness": 1.5
    },
    "/root/Main/NPC": {
      "aim_radius_px": 220.0,
      "anim_path": "AnimatedSprite2D",
      "dead_cleanup_delay_s": 10.0,
      "max_hp": 40,
      "move_speed_px_s": 90.0,
      "muzzle_forward_px": 12.0,
      "shoot_cooldown_s": 0.9,
      "shoot_damage": 8,
      "shoot_range": 140.0,
      "stop_radius_px": 140.0
    },
    "/root/Main/NPC2": {
      "aim_radius_px": 220.0,
      "anim_path": "AnimatedSprite2D",
      "dead_cleanup_delay_s": 10.0,
      "max_hp": 40,
      "move_speed_px_s": 90.0,
      "muzzle_forward_px": 12.0,
      "shoot_cooldown_s": 0.9,
      "shoot_damage": 8,
      "shoot_range": 140.0,
      "stop_radius_px": 140.0
    },
    "/root/Main/NPCRust": {
      "anim_path": "AnimatedSprite2D",
      "dead_cleanup_delay_s": 10.0,
      "max_hp": 40
    },
    "/root/Main/NPCScrapjack": {
      "anim_path": "AnimatedSprite2D",
      "dead_cleanup_delay_s": 10.0,
      "max_hp": 40
    },
    "/root/Main/Player": {
      "ads_move_mult": 0.2,
      "ads_speed_mult": 0.7,
      "ads_zoom": 1.8,
      "anim_path": "AnimatedSprite2D",
      "camera_path": "Camera2D",
      "max_hp": 60,
      "move_speed_px_s": 140.0,
      "speed": 140.0,
      "zoom_lerp": 12.0
    },
    "/root/Main/Player/Camera2D": {
      "ads_cursor_weight": 0.35,
      "deadzone_px": 12.0,
      "enable_only_when_ads": true,
      "hip_cursor_weight": 0.0,
      "lock_delay": 0.12,
      "lock_when_ads": true,
      "max_offset_px": 128.0,
      "offset_lerp_speed": 10.0,
      "relock_threshold_px": 0.0
    },
    "/root/Main/Player/HPBar": {
      "offset": "(0.0, -40.0)",
      "size": "(40.0, 5.0)"
    },
    "/root/Main/Player/WeaponPistol": {
      "ads_base_spread_deg": 0.7,
      "ads_bloom_decay_deg_per_sec": 14.0,
      "ads_bloom_per_shot_deg": 0.4,
      "ads_move_spread_deg": 0.6,
      "allow_fallback_hitscan": true,
      "base_damage": 10,
      "cap_bias_arms_ads": 1.0,
      "cap_bias_arms_hip": 0.7,
      "cap_bias_head_ads": 1.35,
      "cap_bias_head_hip": 0.55,
      "cap_bias_legs_ads": 1.0,
      "cap_bias_legs_hip": 0.9,
      "cap_bias_torso_ads": 1.0,
      "cap_bias_torso_hip": 0.9,
      "capture_max_px": 18.0,
      "capture_min_px": 3.0,
      "debug_shots": false,
      "fallback_gate_radius_ads": 16.0,
      "fallback_gate_radius_hip": 8.0,
      "fire_cooldown": 0.44,
      "fire_mode": 0,
      "hip_base_spread_deg": 5.5,
      "hip_bloom_decay_deg_per_sec": 6.0,
      "hip_bloom_per_shot_deg": 1.4,
      "hip_move_spread_deg": 4.0,
      "k_capture_ads": 1.25,
      "k_capture_hip": 0.55,
      "muzzle_forward": 12.0,
      "range": 520.0,
      "run_capture_mult_ads": 0.85,
      "run_capture_mult_hip": 0.6,
      "run_speed_px_per_s": 180.0,
      "run_spread_mult_ads": 1.15,
      "run_spread_mult_hip": 1.6,
      "target_penalty_deg_at_ref_ads": 0.9,
      "target_penalty_deg_at_ref_hip": 2.2,
      "target_penalty_enabled": true,
      "target_penalty_max_mult": 2.0,
      "target_pick_radius_px": 220.0,
      "target_speed_ref": 120.0
    }
  },
  "npcs": [
    "NPCRust",
    "NPCScrapjack",
    "NPC",
    "NPC2"
  ],
  "project_meta": {
    "godot_version": "4.4.1stable",
    "project_name": "scrapespire",
    "timestamp_utc": "2025-08-19T21:39:40"
  },
  "scene_root": "Main",
  "scene_tree": {
    "children": [
      {
        "children": [
          {
            "children": [
              {
                "children": [],
                "class": "Label",
                "groups": [],
                "name": "SpeakerLabel",
                "script_path": ""
              },
              {
                "children": [],
                "class": "RichTextLabel",
                "groups": [],
                "name": "Text",
                "script_path": ""
              }
            ],
            "class": "Panel",
            "groups": [
              "_root_canvas99630356365316"
            ],
            "name": "Panel",
            "script_path": ""
          }
        ],
        "class": "CanvasLayer",
        "groups": [
          "HUDDialogue",
          "_vp_unhandled_input28756149575"
        ],
        "name": "DialogueBox",
        "script_path": "res://scripts/ui/DialogueBox.gd"
      },
      {
        "children": [
          {
            "children": [],
            "class": "CollisionShape2D",
            "groups": [],
            "name": "CollisionShape2D",
            "script_path": ""
          },
          {
            "children": [],
            "class": "Camera2D",
            "groups": [
              "__cameras_4320737099776",
              "__cameras_c4316442132480"
            ],
            "name": "Camera2D",
            "script_path": "res://scripts/fx/CameraCursorFocus2D.gd"
          },
          {
            "children": [],
            "class": "AnimatedSprite2D",
            "groups": [],
            "name": "AnimatedSprite2D",
            "script_path": ""
          },
          {
            "children": [],
            "class": "Node2D",
            "groups": [],
            "name": "HPBar",
            "script_path": "res://scripts/ui/HPBarPlayer.gd"
          },
          {
            "children": [
              {
                "children": [],
                "class": "AudioStreamPlayer2D",
                "groups": [],
                "name": "ShotSFX",
                "script_path": ""
              }
            ],
            "class": "Node2D",
            "groups": [
              "Weapon"
            ],
            "name": "WeaponPistol",
            "script_path": "res://scripts/combat/WeaponPistol.gd"
          }
        ],
        "class": "CharacterBody2D",
        "groups": [
          "Player"
        ],
        "name": "Player",
        "script_path": "res://scripts/actors/Player.gd"
      },
      {
        "children": [
          {
            "children": [],
            "class": "Sprite2D",
            "groups": [],
            "name": "Sprite2D",
            "script_path": ""
          },
          {
            "children": [],
            "class": "CollisionShape2D",
            "groups": [],
            "name": "CollisionShape2D",
            "script_path": ""
          }
        ],
        "class": "Area2D",
        "groups": [],
        "name": "CoilPickup",
        "script_path": "res://scripts/world/CoilPickup.gd"
      },
      {
        "children": [
          {
            "children": [
              {
                "children": [],
                "class": "CollisionShape2D",
                "groups": [],
                "name": "CollisionShape2D",
                "script_path": ""
              }
            ],
            "class": "Area2D",
            "groups": [],
            "name": "InteractArea",
            "script_path": ""
          },
          {
            "children": [],
            "class": "CollisionShape2D",
            "groups": [],
            "name": "BodyCollider",
            "script_path": ""
          },
          {
            "children": [],
            "class": "AnimatedSprite2D",
            "groups": [],
            "name": "AnimatedSprite2D",
            "script_path": ""
          }
        ],
        "class": "CharacterBody2D",
        "groups": [
          "NPC"
        ],
        "name": "NPCRust",
        "script_path": "res://scripts/actors/NPC.gd"
      },
      {
        "children": [
          {
            "children": [
              {
                "children": [],
                "class": "CollisionShape2D",
                "groups": [],
                "name": "CollisionShape2D",
                "script_path": ""
              }
            ],
            "class": "Area2D",
            "groups": [],
            "name": "InteractArea",
            "script_path": ""
          },
          {
            "children": [],
            "class": "CollisionShape2D",
            "groups": [],
            "name": "BodyCollider",
            "script_path": ""
          },
          {
            "children": [],
            "class": "AnimatedSprite2D",
            "groups": [],
            "name": "AnimatedSprite2D",
            "script_path": ""
          }
        ],
        "class": "CharacterBody2D",
        "groups": [
          "NPC"
        ],
        "name": "NPCScrapjack",
        "script_path": "res://scripts/actors/NPC.gd"
      },
      {
        "children": [
          {
            "children": [],
            "class": "CollisionShape2D",
            "groups": [],
            "name": "CollisionShape2D",
            "script_path": ""
          },
          {
            "children": [],
            "class": "Sprite2D",
            "groups": [],
            "name": "Sprite2D",
            "script_path": ""
          }
        ],
        "class": "StaticBody2D",
        "groups": [
          "GateBlocker"
        ],
        "name": "GateBlocker",
        "script_path": ""
      },
      {
        "children": [
          {
            "children": [],
            "class": "TileMapLayer",
            "groups": [],
            "name": "Outpost",
            "script_path": ""
          }
        ],
        "class": "Node2D",
        "groups": [],
        "name": "Outpost",
        "script_path": ""
      },
      {
        "children": [
          {
            "children": [],
            "class": "AnimatedSprite2D",
            "groups": [],
            "name": "AnimatedSprite2D",
            "script_path": ""
          },
          {
            "children": [
              {
                "children": [],
                "class": "CollisionShape2D",
                "groups": [],
                "name": "CollisionShape2D",
                "script_path": ""
              }
            ],
            "class": "Area2D",
            "groups": [],
            "name": "Detect",
            "script_path": ""
          },
          {
            "children": [],
            "class": "Node2D",
            "groups": [],
            "name": "HPBar",
            "script_path": "res://scripts/ui/HPBar.gd"
          },
          {
            "children": [
              {
                "children": [],
                "class": "CollisionShape2D",
                "groups": [],
                "name": "HM_Head",
                "script_path": ""
              },
              {
                "children": [],
                "class": "CollisionShape2D",
                "groups": [],
                "name": "HM_Torso",
                "script_path": ""
              },
              {
                "children": [],
                "class": "CollisionShape2D",
                "groups": [],
                "name": "HM_Arms",
                "script_path": ""
              },
              {
                "children": [],
                "class": "CollisionShape2D",
                "groups": [],
                "name": "HM_Legs",
                "script_path": ""
              }
            ],
            "class": "Node2D",
            "groups": [],
            "name": "HitMap",
            "script_path": ""
          }
        ],
        "class": "CharacterBody2D",
        "groups": [
          "Enemies"
        ],
        "name": "Enemy",
        "script_path": "res://scripts/actors/Enemy.gd"
      },
      {
        "children": [
          {
            "children": [],
            "class": "AnimatedSprite2D",
            "groups": [],
            "name": "AnimatedSprite2D",
            "script_path": ""
          },
          {
            "children": [
              {
                "children": [],
                "class": "CollisionShape2D",
                "groups": [],
                "name": "CollisionShape2D",
                "script_path": ""
              }
            ],
            "class": "Area2D",
            "groups": [],
            "name": "Detect",
            "script_path": ""
          },
          {
            "children": [],
            "class": "Node2D",
            "groups": [],
            "name": "HPBar",
            "script_path": "res://scripts/ui/HPBar.gd"
          },
          {
            "children": [
              {
                "children": [],
                "class": "CollisionShape2D",
                "groups": [],
                "name": "HM_Head",
                "script_path": ""
              },
              {
                "children": [],
                "class": "CollisionShape2D",
                "groups": [],
                "name": "HM_Torso",
                "script_path": ""
              },
              {
                "children": [],
                "class": "CollisionShape2D",
                "groups": [],
                "name": "HM_Arms",
                "script_path": ""
              },
              {
                "children": [],
                "class": "CollisionShape2D",
                "groups": [],
                "name": "HM_Legs",
                "script_path": ""
              }
            ],
            "class": "Node2D",
            "groups": [],
            "name": "HitMap",
            "script_path": ""
          }
        ],
        "class": "CharacterBody2D",
        "groups": [
          "Enemies"
        ],
        "name": "Enemy2",
        "script_path": "res://scripts/actors/Enemy.gd"
      },
      {
        "children": [
          {
            "children": [],
            "class": "AnimatedSprite2D",
            "groups": [],
            "name": "AnimatedSprite2D",
            "script_path": ""
          },
          {
            "children": [
              {
                "children": [],
                "class": "CollisionShape2D",
                "groups": [],
                "name": "CollisionShape2D",
                "script_path": ""
              }
            ],
            "class": "Area2D",
            "groups": [],
            "name": "Detect",
            "script_path": ""
          },
          {
            "children": [],
            "class": "Node2D",
            "groups": [],
            "name": "HPBar",
            "script_path": "res://scripts/ui/HPBar.gd"
          },
          {
            "children": [
              {
                "children": [],
                "class": "CollisionShape2D",
                "groups": [],
                "name": "HM_Head",
                "script_path": ""
              },
              {
                "children": [],
                "class": "CollisionShape2D",
                "groups": [],
                "name": "HM_Torso",
                "script_path": ""
              },
              {
                "children": [],
                "class": "CollisionShape2D",
                "groups": [],
                "name": "HM_Arms",
                "script_path": ""
              },
              {
                "children": [],
                "class": "CollisionShape2D",
                "groups": [],
                "name": "HM_Legs",
                "script_path": ""
              }
            ],
            "class": "Node2D",
            "groups": [],
            "name": "HitMap",
            "script_path": ""
          }
        ],
        "class": "CharacterBody2D",
        "groups": [
          "Enemies"
        ],
        "name": "Enemy3",
        "script_path": "res://scripts/actors/Enemy.gd"
      },
      {
        "children": [
          {
            "children": [],
            "class": "AnimatedSprite2D",
            "groups": [],
            "name": "AnimatedSprite2D",
            "script_path": ""
          },
          {
            "children": [
              {
                "children": [],
                "class": "CollisionShape2D",
                "groups": [],
                "name": "CollisionShape2D",
                "script_path": ""
              }
            ],
            "class": "Area2D",
            "groups": [],
            "name": "Detect",
            "script_path": ""
          },
          {
            "children": [],
            "class": "Node2D",
            "groups": [],
            "name": "HPBar",
            "script_path": "res://scripts/ui/HPBar.gd"
          },
          {
            "children": [
              {
                "children": [],
                "class": "CollisionShape2D",
                "groups": [],
                "name": "HM_Head",
                "script_path": ""
              },
              {
                "children": [],
                "class": "CollisionShape2D",
                "groups": [],
                "name": "HM_Torso",
                "script_path": ""
              },
              {
                "children": [],
                "class": "CollisionShape2D",
                "groups": [],
                "name": "HM_Arms",
                "script_path": ""
              },
              {
                "children": [],
                "class": "CollisionShape2D",
                "groups": [],
                "name": "HM_Legs",
                "script_path": ""
              }
            ],
            "class": "Node2D",
            "groups": [],
            "name": "HitMap",
            "script_path": ""
          }
        ],
        "class": "CharacterBody2D",
        "groups": [
          "Enemies"
        ],
        "name": "Enemy4",
        "script_path": "res://scripts/actors/Enemy.gd"
      },
      {
        "children": [
          {
            "children": [],
            "class": "AnimatedSprite2D",
            "groups": [],
            "name": "AnimatedSprite2D",
            "script_path": ""
          },
          {
            "children": [
              {
                "children": [],
                "class": "CollisionShape2D",
                "groups": [],
                "name": "CollisionShape2D",
                "script_path": ""
              }
            ],
            "class": "Area2D",
            "groups": [],
            "name": "Detect",
            "script_path": ""
          },
          {
            "children": [],
            "class": "Node2D",
            "groups": [],
            "name": "HPBar",
            "script_path": "res://scripts/ui/HPBar.gd"
          },
          {
            "children": [
              {
                "children": [],
                "class": "CollisionShape2D",
                "groups": [],
                "name": "HM_Head",
                "script_path": ""
              },
              {
                "children": [],
                "class": "CollisionShape2D",
                "groups": [],
                "name": "HM_Torso",
                "script_path": ""
              },
              {
                "children": [],
                "class": "CollisionShape2D",
                "groups": [],
                "name": "HM_Arms",
                "script_path": ""
              },
              {
                "children": [],
                "class": "CollisionShape2D",
                "groups": [],
                "name": "HM_Legs",
                "script_path": ""
              }
            ],
            "class": "Node2D",
            "groups": [],
            "name": "HitMap",
            "script_path": ""
          }
        ],
        "class": "CharacterBody2D",
        "groups": [
          "Enemies"
        ],
        "name": "Enemy5",
        "script_path": "res://scripts/actors/Enemy.gd"
      },
      {
        "children": [
          {
            "children": [],
            "class": "AnimatedSprite2D",
            "groups": [],
            "name": "AnimatedSprite2D",
            "script_path": ""
          },
          {
            "children": [
              {
                "children": [],
                "class": "CollisionShape2D",
                "groups": [],
                "name": "CollisionShape2D",
                "script_path": ""
              }
            ],
            "class": "Area2D",
            "groups": [],
            "name": "Detect",
            "script_path": ""
          },
          {
            "children": [],
            "class": "Node2D",
            "groups": [],
            "name": "HPBar",
            "script_path": "res://scripts/ui/HPBar.gd"
          },
          {
            "children": [
              {
                "children": [],
                "class": "CollisionShape2D",
                "groups": [],
                "name": "HM_Head",
                "script_path": ""
              },
              {
                "children": [],
                "class": "CollisionShape2D",
                "groups": [],
                "name": "HM_Torso",
                "script_path": ""
              },
              {
                "children": [],
                "class": "CollisionShape2D",
                "groups": [],
                "name": "HM_Arms",
                "script_path": ""
              },
              {
                "children": [],
                "class": "CollisionShape2D",
                "groups": [],
                "name": "HM_Legs",
                "script_path": ""
              }
            ],
            "class": "Node2D",
            "groups": [],
            "name": "HitMap",
            "script_path": ""
          }
        ],
        "class": "CharacterBody2D",
        "groups": [
          "Enemies"
        ],
        "name": "Enemy6",
        "script_path": "res://scripts/actors/Enemy.gd"
      },
      {
        "children": [
          {
            "children": [],
            "class": "Control",
            "groups": [
              "_root_canvas100132867538949",
              "Crosshair"
            ],
            "name": "Crosshair",
            "script_path": "res://scripts/ui/Crosshair.gd"
          }
        ],
        "class": "CanvasLayer",
        "groups": [],
        "name": "HUD",
        "script_path": ""
      },
      {
        "children": [
          {
            "children": [
              {
                "children": [],
                "class": "CollisionShape2D",
                "groups": [],
                "name": "CollisionShape2D",
                "script_path": ""
              }
            ],
            "class": "Area2D",
            "groups": [],
            "name": "InteractArea",
            "script_path": ""
          },
          {
            "children": [],
            "class": "CollisionShape2D",
            "groups": [],
            "name": "BodyCollider",
            "script_path": ""
          },
          {
            "children": [],
            "class": "AnimatedSprite2D",
            "groups": [],
            "name": "AnimatedSprite2D",
            "script_path": ""
          },
          {
            "children": [
              {
                "children": [],
                "class": "CollisionShape2D",
                "groups": [],
                "name": "HM_Head",
                "script_path": ""
              },
              {
                "children": [],
                "class": "CollisionShape2D",
                "groups": [],
                "name": "HM_Torso",
                "script_path": ""
              },
              {
                "children": [],
                "class": "CollisionShape2D",
                "groups": [],
                "name": "HM_Arms",
                "script_path": ""
              },
              {
                "children": [],
                "class": "CollisionShape2D",
                "groups": [],
                "name": "HM_Legs",
                "script_path": ""
              }
            ],
            "class": "Node2D",
            "groups": [],
            "name": "HitMap",
            "script_path": ""
          }
        ],
        "class": "CharacterBody2D",
        "groups": [
          "NPC",
          "Enemies"
        ],
        "name": "NPC",
        "script_path": "res://scripts/actors/NPC_Scavenger.gd"
      },
      {
        "children": [
          {
            "children": [
              {
                "children": [],
                "class": "CollisionShape2D",
                "groups": [],
                "name": "CollisionShape2D",
                "script_path": ""
              }
            ],
            "class": "Area2D",
            "groups": [],
            "name": "InteractArea",
            "script_path": ""
          },
          {
            "children": [],
            "class": "CollisionShape2D",
            "groups": [],
            "name": "BodyCollider",
            "script_path": ""
          },
          {
            "children": [],
            "class": "AnimatedSprite2D",
            "groups": [],
            "name": "AnimatedSprite2D",
            "script_path": ""
          },
          {
            "children": [
              {
                "children": [],
                "class": "CollisionShape2D",
                "groups": [],
                "name": "HM_Head",
                "script_path": ""
              },
              {
                "children": [],
                "class": "CollisionShape2D",
                "groups": [],
                "name": "HM_Torso",
                "script_path": ""
              },
              {
                "children": [],
                "class": "CollisionShape2D",
                "groups": [],
                "name": "HM_Arms",
                "script_path": ""
              },
              {
                "children": [],
                "class": "CollisionShape2D",
                "groups": [],
                "name": "HM_Legs",
                "script_path": ""
              }
            ],
            "class": "Node2D",
            "groups": [],
            "name": "HitMap",
            "script_path": ""
          }
        ],
        "class": "CharacterBody2D",
        "groups": [
          "NPC",
          "Enemies"
        ],
        "name": "NPC2",
        "script_path": "res://scripts/actors/NPC_Syndicate.gd"
      }
    ],
    "class": "Node2D",
    "groups": [
      "_root_canvas4316442132480"
    ],
    "name": "Main",
    "script_path": "res://scripts/ProjectSnapshot.gd"
  },
  "signal_wiring": {
    "edges": [
      {
        "flags": 18,
        "from_path": "/root/Main/NPC2/InteractArea",
        "method": "_on_interact_area_body_entered",
        "signal": "body_entered",
        "to_path": "/root/Main/NPC2"
      },
      {
        "flags": 18,
        "from_path": "/root/Main/NPC2/InteractArea",
        "method": "_on_interact_area_body_exited",
        "signal": "body_exited",
        "to_path": "/root/Main/NPC2"
      },
      {
        "flags": 18,
        "from_path": "/root/Main/NPC/InteractArea",
        "method": "_on_interact_area_body_entered",
        "signal": "body_entered",
        "to_path": "/root/Main/NPC"
      },
      {
        "flags": 18,
        "from_path": "/root/Main/NPC/InteractArea",
        "method": "_on_interact_area_body_exited",
        "signal": "body_exited",
        "to_path": "/root/Main/NPC"
      },
      {
        "flags": 0,
        "from_path": "/root/Main/Enemy6/Detect",
        "method": "_on_body_entered",
        "signal": "body_entered",
        "to_path": "/root/Main/Enemy6"
      },
      {
        "flags": 0,
        "from_path": "/root/Main/Enemy6/Detect",
        "method": "_on_body_exited",
        "signal": "body_exited",
        "to_path": "/root/Main/Enemy6"
      },
      {
        "flags": 0,
        "from_path": "/root/Main/Enemy5/Detect",
        "method": "_on_body_entered",
        "signal": "body_entered",
        "to_path": "/root/Main/Enemy5"
      },
      {
        "flags": 0,
        "from_path": "/root/Main/Enemy5/Detect",
        "method": "_on_body_exited",
        "signal": "body_exited",
        "to_path": "/root/Main/Enemy5"
      },
      {
        "flags": 0,
        "from_path": "/root/Main/Enemy4/Detect",
        "method": "_on_body_entered",
        "signal": "body_entered",
        "to_path": "/root/Main/Enemy4"
      },
      {
        "flags": 0,
        "from_path": "/root/Main/Enemy4/Detect",
        "method": "_on_body_exited",
        "signal": "body_exited",
        "to_path": "/root/Main/Enemy4"
      },
      {
        "flags": 0,
        "from_path": "/root/Main/Enemy3/Detect",
        "method": "_on_body_entered",
        "signal": "body_entered",
        "to_path": "/root/Main/Enemy3"
      },
      {
        "flags": 0,
        "from_path": "/root/Main/Enemy3/Detect",
        "method": "_on_body_exited",
        "signal": "body_exited",
        "to_path": "/root/Main/Enemy3"
      },
      {
        "flags": 0,
        "from_path": "/root/Main/Enemy2/Detect",
        "method": "_on_body_entered",
        "signal": "body_entered",
        "to_path": "/root/Main/Enemy2"
      },
      {
        "flags": 0,
        "from_path": "/root/Main/Enemy2/Detect",
        "method": "_on_body_exited",
        "signal": "body_exited",
        "to_path": "/root/Main/Enemy2"
      },
      {
        "flags": 0,
        "from_path": "/root/Main/Enemy/Detect",
        "method": "_on_body_entered",
        "signal": "body_entered",
        "to_path": "/root/Main/Enemy"
      },
      {
        "flags": 0,
        "from_path": "/root/Main/Enemy/Detect",
        "method": "_on_body_exited",
        "signal": "body_exited",
        "to_path": "/root/Main/Enemy"
      },
      {
        "flags": 18,
        "from_path": "/root/Main/NPCScrapjack/InteractArea",
        "method": "_on_interact_area_body_entered",
        "signal": "body_entered",
        "to_path": "/root/Main/NPCScrapjack"
      },
      {
        "flags": 18,
        "from_path": "/root/Main/NPCScrapjack/InteractArea",
        "method": "_on_interact_area_body_exited",
        "signal": "body_exited",
        "to_path": "/root/Main/NPCScrapjack"
      },
      {
        "flags": 18,
        "from_path": "/root/Main/NPCRust/InteractArea",
        "method": "_on_interact_area_body_entered",
        "signal": "body_entered",
        "to_path": "/root/Main/NPCRust"
      },
      {
        "flags": 18,
        "from_path": "/root/Main/NPCRust/InteractArea",
        "method": "_on_interact_area_body_exited",
        "signal": "body_exited",
        "to_path": "/root/Main/NPCRust"
      },
      {
        "flags": 0,
        "from_path": "/root/Main/CoilPickup",
        "method": "_on_body_entered",
        "signal": "body_entered",
        "to_path": "/root/Main/CoilPickup"
      },
      {
        "flags": 0,
        "from_path": "/root/Main/Player/WeaponPistol",
        "method": "_on_weapon_shot_fired",
        "signal": "shot_fired",
        "to_path": "/root/Main/Player"
      }
    ],
    "per_node": {
      "/root/CombatBus": {
        "connections_in": [],
        "connections_out": []
      },
      "/root/FactionManager": {
        "connections_in": [],
        "connections_out": []
      },
      "/root/Main": {
        "connections_in": [],
        "connections_out": []
      },
      "/root/Main/CoilPickup": {
        "connections_in": [
          {
            "flags": 0,
            "from_path": "/root/Main/CoilPickup",
            "method": "_on_body_entered",
            "signal": "body_entered"
          }
        ],
        "connections_out": [
          {
            "flags": 0,
            "method": "_on_body_entered",
            "signal": "body_entered",
            "to_path": "/root/Main/CoilPickup"
          }
        ]
      },
      "/root/Main/CoilPickup/CollisionShape2D": {
        "connections_in": [],
        "connections_out": []
      },
      "/root/Main/CoilPickup/Sprite2D": {
        "connections_in": [],
        "connections_out": []
      },
      "/root/Main/DialogueBox": {
        "connections_in": [],
        "connections_out": []
      },
      "/root/Main/DialogueBox/Panel": {
        "connections_in": [],
        "connections_out": []
      },
      "/root/Main/DialogueBox/Panel/SpeakerLabel": {
        "connections_in": [],
        "connections_out": []
      },
      "/root/Main/DialogueBox/Panel/Text": {
        "connections_in": [],
        "connections_out": []
      },
      "/root/Main/Enemy": {
        "connections_in": [
          {
            "flags": 0,
            "from_path": "/root/Main/Enemy/Detect",
            "method": "_on_body_entered",
            "signal": "body_entered"
          },
          {
            "flags": 0,
            "from_path": "/root/Main/Enemy/Detect",
            "method": "_on_body_exited",
            "signal": "body_exited"
          }
        ],
        "connections_out": []
      },
      "/root/Main/Enemy/AnimatedSprite2D": {
        "connections_in": [],
        "connections_out": []
      },
      "/root/Main/Enemy/Detect": {
        "connections_in": [],
        "connections_out": [
          {
            "flags": 0,
            "method": "_on_body_entered",
            "signal": "body_entered",
            "to_path": "/root/Main/Enemy"
          },
          {
            "flags": 0,
            "method": "_on_body_exited",
            "signal": "body_exited",
            "to_path": "/root/Main/Enemy"
          }
        ]
      },
      "/root/Main/Enemy/Detect/CollisionShape2D": {
        "connections_in": [],
        "connections_out": []
      },
      "/root/Main/Enemy/HPBar": {
        "connections_in": [],
        "connections_out": []
      },
      "/root/Main/Enemy/HitMap": {
        "connections_in": [],
        "connections_out": []
      },
      "/root/Main/Enemy/HitMap/HM_Arms": {
        "connections_in": [],
        "connections_out": []
      },
      "/root/Main/Enemy/HitMap/HM_Head": {
        "connections_in": [],
        "connections_out": []
      },
      "/root/Main/Enemy/HitMap/HM_Legs": {
        "connections_in": [],
        "connections_out": []
      },
      "/root/Main/Enemy/HitMap/HM_Torso": {
        "connections_in": [],
        "connections_out": []
      },
      "/root/Main/Enemy2": {
        "connections_in": [
          {
            "flags": 0,
            "from_path": "/root/Main/Enemy2/Detect",
            "method": "_on_body_entered",
            "signal": "body_entered"
          },
          {
            "flags": 0,
            "from_path": "/root/Main/Enemy2/Detect",
            "method": "_on_body_exited",
            "signal": "body_exited"
          }
        ],
        "connections_out": []
      },
      "/root/Main/Enemy2/AnimatedSprite2D": {
        "connections_in": [],
        "connections_out": []
      },
      "/root/Main/Enemy2/Detect": {
        "connections_in": [],
        "connections_out": [
          {
            "flags": 0,
            "method": "_on_body_entered",
            "signal": "body_entered",
            "to_path": "/root/Main/Enemy2"
          },
          {
            "flags": 0,
            "method": "_on_body_exited",
            "signal": "body_exited",
            "to_path": "/root/Main/Enemy2"
          }
        ]
      },
      "/root/Main/Enemy2/Detect/CollisionShape2D": {
        "connections_in": [],
        "connections_out": []
      },
      "/root/Main/Enemy2/HPBar": {
        "connections_in": [],
        "connections_out": []
      },
      "/root/Main/Enemy2/HitMap": {
        "connections_in": [],
        "connections_out": []
      },
      "/root/Main/Enemy2/HitMap/HM_Arms": {
        "connections_in": [],
        "connections_out": []
      },
      "/root/Main/Enemy2/HitMap/HM_Head": {
        "connections_in": [],
        "connections_out": []
      },
      "/root/Main/Enemy2/HitMap/HM_Legs": {
        "connections_in": [],
        "connections_out": []
      },
      "/root/Main/Enemy2/HitMap/HM_Torso": {
        "connections_in": [],
        "connections_out": []
      },
      "/root/Main/Enemy3": {
        "connections_in": [
          {
            "flags": 0,
            "from_path": "/root/Main/Enemy3/Detect",
            "method": "_on_body_entered",
            "signal": "body_entered"
          },
          {
            "flags": 0,
            "from_path": "/root/Main/Enemy3/Detect",
            "method": "_on_body_exited",
            "signal": "body_exited"
          }
        ],
        "connections_out": []
      },
      "/root/Main/Enemy3/AnimatedSprite2D": {
        "connections_in": [],
        "connections_out": []
      },
      "/root/Main/Enemy3/Detect": {
        "connections_in": [],
        "connections_out": [
          {
            "flags": 0,
            "method": "_on_body_entered",
            "signal": "body_entered",
            "to_path": "/root/Main/Enemy3"
          },
          {
            "flags": 0,
            "method": "_on_body_exited",
            "signal": "body_exited",
            "to_path": "/root/Main/Enemy3"
          }
        ]
      },
      "/root/Main/Enemy3/Detect/CollisionShape2D": {
        "connections_in": [],
        "connections_out": []
      },
      "/root/Main/Enemy3/HPBar": {
        "connections_in": [],
        "connections_out": []
      },
      "/root/Main/Enemy3/HitMap": {
        "connections_in": [],
        "connections_out": []
      },
      "/root/Main/Enemy3/HitMap/HM_Arms": {
        "connections_in": [],
        "connections_out": []
      },
      "/root/Main/Enemy3/HitMap/HM_Head": {
        "connections_in": [],
        "connections_out": []
      },
      "/root/Main/Enemy3/HitMap/HM_Legs": {
        "connections_in": [],
        "connections_out": []
      },
      "/root/Main/Enemy3/HitMap/HM_Torso": {
        "connections_in": [],
        "connections_out": []
      },
      "/root/Main/Enemy4": {
        "connections_in": [
          {
            "flags": 0,
            "from_path": "/root/Main/Enemy4/Detect",
            "method": "_on_body_entered",
            "signal": "body_entered"
          },
          {
            "flags": 0,
            "from_path": "/root/Main/Enemy4/Detect",
            "method": "_on_body_exited",
            "signal": "body_exited"
          }
        ],
        "connections_out": []
      },
      "/root/Main/Enemy4/AnimatedSprite2D": {
        "connections_in": [],
        "connections_out": []
      },
      "/root/Main/Enemy4/Detect": {
        "connections_in": [],
        "connections_out": [
          {
            "flags": 0,
            "method": "_on_body_entered",
            "signal": "body_entered",
            "to_path": "/root/Main/Enemy4"
          },
          {
            "flags": 0,
            "method": "_on_body_exited",
            "signal": "body_exited",
            "to_path": "/root/Main/Enemy4"
          }
        ]
      },
      "/root/Main/Enemy4/Detect/CollisionShape2D": {
        "connections_in": [],
        "connections_out": []
      },
      "/root/Main/Enemy4/HPBar": {
        "connections_in": [],
        "connections_out": []
      },
      "/root/Main/Enemy4/HitMap": {
        "connections_in": [],
        "connections_out": []
      },
      "/root/Main/Enemy4/HitMap/HM_Arms": {
        "connections_in": [],
        "connections_out": []
      },
      "/root/Main/Enemy4/HitMap/HM_Head": {
        "connections_in": [],
        "connections_out": []
      },
      "/root/Main/Enemy4/HitMap/HM_Legs": {
        "connections_in": [],
        "connections_out": []
      },
      "/root/Main/Enemy4/HitMap/HM_Torso": {
        "connections_in": [],
        "connections_out": []
      },
      "/root/Main/Enemy5": {
        "connections_in": [
          {
            "flags": 0,
            "from_path": "/root/Main/Enemy5/Detect",
            "method": "_on_body_entered",
            "signal": "body_entered"
          },
          {
            "flags": 0,
            "from_path": "/root/Main/Enemy5/Detect",
            "method": "_on_body_exited",
            "signal": "body_exited"
          }
        ],
        "connections_out": []
      },
      "/root/Main/Enemy5/AnimatedSprite2D": {
        "connections_in": [],
        "connections_out": []
      },
      "/root/Main/Enemy5/Detect": {
        "connections_in": [],
        "connections_out": [
          {
            "flags": 0,
            "method": "_on_body_entered",
            "signal": "body_entered",
            "to_path": "/root/Main/Enemy5"
          },
          {
            "flags": 0,
            "method": "_on_body_exited",
            "signal": "body_exited",
            "to_path": "/root/Main/Enemy5"
          }
        ]
      },
      "/root/Main/Enemy5/Detect/CollisionShape2D": {
        "connections_in": [],
        "connections_out": []
      },
      "/root/Main/Enemy5/HPBar": {
        "connections_in": [],
        "connections_out": []
      },
      "/root/Main/Enemy5/HitMap": {
        "connections_in": [],
        "connections_out": []
      },
      "/root/Main/Enemy5/HitMap/HM_Arms": {
        "connections_in": [],
        "connections_out": []
      },
      "/root/Main/Enemy5/HitMap/HM_Head": {
        "connections_in": [],
        "connections_out": []
      },
      "/root/Main/Enemy5/HitMap/HM_Legs": {
        "connections_in": [],
        "connections_out": []
      },
      "/root/Main/Enemy5/HitMap/HM_Torso": {
        "connections_in": [],
        "connections_out": []
      },
      "/root/Main/Enemy6": {
        "connections_in": [
          {
            "flags": 0,
            "from_path": "/root/Main/Enemy6/Detect",
            "method": "_on_body_entered",
            "signal": "body_entered"
          },
          {
            "flags": 0,
            "from_path": "/root/Main/Enemy6/Detect",
            "method": "_on_body_exited",
            "signal": "body_exited"
          }
        ],
        "connections_out": []
      },
      "/root/Main/Enemy6/AnimatedSprite2D": {
        "connections_in": [],
        "connections_out": []
      },
      "/root/Main/Enemy6/Detect": {
        "connections_in": [],
        "connections_out": [
          {
            "flags": 0,
            "method": "_on_body_entered",
            "signal": "body_entered",
            "to_path": "/root/Main/Enemy6"
          },
          {
            "flags": 0,
            "method": "_on_body_exited",
            "signal": "body_exited",
            "to_path": "/root/Main/Enemy6"
          }
        ]
      },
      "/root/Main/Enemy6/Detect/CollisionShape2D": {
        "connections_in": [],
        "connections_out": []
      },
      "/root/Main/Enemy6/HPBar": {
        "connections_in": [],
        "connections_out": []
      },
      "/root/Main/Enemy6/HitMap": {
        "connections_in": [],
        "connections_out": []
      },
      "/root/Main/Enemy6/HitMap/HM_Arms": {
        "connections_in": [],
        "connections_out": []
      },
      "/root/Main/Enemy6/HitMap/HM_Head": {
        "connections_in": [],
        "connections_out": []
      },
      "/root/Main/Enemy6/HitMap/HM_Legs": {
        "connections_in": [],
        "connections_out": []
      },
      "/root/Main/Enemy6/HitMap/HM_Torso": {
        "connections_in": [],
        "connections_out": []
      },
      "/root/Main/GateBlocker": {
        "connections_in": [],
        "connections_out": []
      },
      "/root/Main/GateBlocker/CollisionShape2D": {
        "connections_in": [],
        "connections_out": []
      },
      "/root/Main/GateBlocker/Sprite2D": {
        "connections_in": [],
        "connections_out": []
      },
      "/root/Main/HUD": {
        "connections_in": [],
        "connections_out": []
      },
      "/root/Main/HUD/Crosshair": {
        "connections_in": [],
        "connections_out": []
      },
      "/root/Main/NPC": {
        "connections_in": [
          {
            "flags": 18,
            "from_path": "/root/Main/NPC/InteractArea",
            "method": "_on_interact_area_body_entered",
            "signal": "body_entered"
          },
          {
            "flags": 18,
            "from_path": "/root/Main/NPC/InteractArea",
            "method": "_on_interact_area_body_exited",
            "signal": "body_exited"
          }
        ],
        "connections_out": []
      },
      "/root/Main/NPC/AnimatedSprite2D": {
        "connections_in": [],
        "connections_out": []
      },
      "/root/Main/NPC/BodyCollider": {
        "connections_in": [],
        "connections_out": []
      },
      "/root/Main/NPC/HitMap": {
        "connections_in": [],
        "connections_out": []
      },
      "/root/Main/NPC/HitMap/HM_Arms": {
        "connections_in": [],
        "connections_out": []
      },
      "/root/Main/NPC/HitMap/HM_Head": {
        "connections_in": [],
        "connections_out": []
      },
      "/root/Main/NPC/HitMap/HM_Legs": {
        "connections_in": [],
        "connections_out": []
      },
      "/root/Main/NPC/HitMap/HM_Torso": {
        "connections_in": [],
        "connections_out": []
      },
      "/root/Main/NPC/InteractArea": {
        "connections_in": [],
        "connections_out": [
          {
            "flags": 18,
            "method": "_on_interact_area_body_entered",
            "signal": "body_entered",
            "to_path": "/root/Main/NPC"
          },
          {
            "flags": 18,
            "method": "_on_interact_area_body_exited",
            "signal": "body_exited",
            "to_path": "/root/Main/NPC"
          }
        ]
      },
      "/root/Main/NPC/InteractArea/CollisionShape2D": {
        "connections_in": [],
        "connections_out": []
      },
      "/root/Main/NPC2": {
        "connections_in": [
          {
            "flags": 18,
            "from_path": "/root/Main/NPC2/InteractArea",
            "method": "_on_interact_area_body_entered",
            "signal": "body_entered"
          },
          {
            "flags": 18,
            "from_path": "/root/Main/NPC2/InteractArea",
            "method": "_on_interact_area_body_exited",
            "signal": "body_exited"
          }
        ],
        "connections_out": []
      },
      "/root/Main/NPC2/AnimatedSprite2D": {
        "connections_in": [],
        "connections_out": []
      },
      "/root/Main/NPC2/BodyCollider": {
        "connections_in": [],
        "connections_out": []
      },
      "/root/Main/NPC2/HitMap": {
        "connections_in": [],
        "connections_out": []
      },
      "/root/Main/NPC2/HitMap/HM_Arms": {
        "connections_in": [],
        "connections_out": []
      },
      "/root/Main/NPC2/HitMap/HM_Head": {
        "connections_in": [],
        "connections_out": []
      },
      "/root/Main/NPC2/HitMap/HM_Legs": {
        "connections_in": [],
        "connections_out": []
      },
      "/root/Main/NPC2/HitMap/HM_Torso": {
        "connections_in": [],
        "connections_out": []
      },
      "/root/Main/NPC2/InteractArea": {
        "connections_in": [],
        "connections_out": [
          {
            "flags": 18,
            "method": "_on_interact_area_body_entered",
            "signal": "body_entered",
            "to_path": "/root/Main/NPC2"
          },
          {
            "flags": 18,
            "method": "_on_interact_area_body_exited",
            "signal": "body_exited",
            "to_path": "/root/Main/NPC2"
          }
        ]
      },
      "/root/Main/NPC2/InteractArea/CollisionShape2D": {
        "connections_in": [],
        "connections_out": []
      },
      "/root/Main/NPCRust": {
        "connections_in": [
          {
            "flags": 18,
            "from_path": "/root/Main/NPCRust/InteractArea",
            "method": "_on_interact_area_body_entered",
            "signal": "body_entered"
          },
          {
            "flags": 18,
            "from_path": "/root/Main/NPCRust/InteractArea",
            "method": "_on_interact_area_body_exited",
            "signal": "body_exited"
          }
        ],
        "connections_out": []
      },
      "/root/Main/NPCRust/AnimatedSprite2D": {
        "connections_in": [],
        "connections_out": []
      },
      "/root/Main/NPCRust/BodyCollider": {
        "connections_in": [],
        "connections_out": []
      },
      "/root/Main/NPCRust/InteractArea": {
        "connections_in": [],
        "connections_out": [
          {
            "flags": 18,
            "method": "_on_interact_area_body_entered",
            "signal": "body_entered",
            "to_path": "/root/Main/NPCRust"
          },
          {
            "flags": 18,
            "method": "_on_interact_area_body_exited",
            "signal": "body_exited",
            "to_path": "/root/Main/NPCRust"
          }
        ]
      },
      "/root/Main/NPCRust/InteractArea/CollisionShape2D": {
        "connections_in": [],
        "connections_out": []
      },
      "/root/Main/NPCScrapjack": {
        "connections_in": [
          {
            "flags": 18,
            "from_path": "/root/Main/NPCScrapjack/InteractArea",
            "method": "_on_interact_area_body_entered",
            "signal": "body_entered"
          },
          {
            "flags": 18,
            "from_path": "/root/Main/NPCScrapjack/InteractArea",
            "method": "_on_interact_area_body_exited",
            "signal": "body_exited"
          }
        ],
        "connections_out": []
      },
      "/root/Main/NPCScrapjack/AnimatedSprite2D": {
        "connections_in": [],
        "connections_out": []
      },
      "/root/Main/NPCScrapjack/BodyCollider": {
        "connections_in": [],
        "connections_out": []
      },
      "/root/Main/NPCScrapjack/InteractArea": {
        "connections_in": [],
        "connections_out": [
          {
            "flags": 18,
            "method": "_on_interact_area_body_entered",
            "signal": "body_entered",
            "to_path": "/root/Main/NPCScrapjack"
          },
          {
            "flags": 18,
            "method": "_on_interact_area_body_exited",
            "signal": "body_exited",
            "to_path": "/root/Main/NPCScrapjack"
          }
        ]
      },
      "/root/Main/NPCScrapjack/InteractArea/CollisionShape2D": {
        "connections_in": [],
        "connections_out": []
      },
      "/root/Main/Outpost": {
        "connections_in": [],
        "connections_out": []
      },
      "/root/Main/Outpost/Outpost": {
        "connections_in": [],
        "connections_out": []
      },
      "/root/Main/Player": {
        "connections_in": [
          {
            "flags": 0,
            "from_path": "/root/Main/Player/WeaponPistol",
            "method": "_on_weapon_shot_fired",
            "signal": "shot_fired"
          }
        ],
        "connections_out": []
      },
      "/root/Main/Player/AnimatedSprite2D": {
        "connections_in": [],
        "connections_out": []
      },
      "/root/Main/Player/Camera2D": {
        "connections_in": [],
        "connections_out": []
      },
      "/root/Main/Player/CollisionShape2D": {
        "connections_in": [],
        "connections_out": []
      },
      "/root/Main/Player/HPBar": {
        "connections_in": [],
        "connections_out": []
      },
      "/root/Main/Player/WeaponPistol": {
        "connections_in": [],
        "connections_out": [
          {
            "flags": 0,
            "method": "_on_weapon_shot_fired",
            "signal": "shot_fired",
            "to_path": "/root/Main/Player"
          }
        ]
      },
      "/root/Main/Player/WeaponPistol/ShotSFX": {
        "connections_in": [],
        "connections_out": []
      },
      "/root/QuestState": {
        "connections_in": [],
        "connections_out": []
      }
    }
  },
  "weapons": [
    "/root/Main/Player/WeaponPistol"
  ]
}