{
  "Rust": {
	"lines": [
	  "New face, eh? You’re either with someone… or you’re in trouble.",
	  "Make yourself useful and folks around here will notice."
	],
	"default": "Keep your head down."
  },
  "Scrapjack": {
	"ask": "Bring me a coil fragment and I’ll put in a good word.",
	"on_complete_text": "Perfect. I’ll tell the gatekeeper you’re alright.",
	"on_complete_rep": ["ScavengerSyndicate", 1],
	"after_complete": "Already told Vex you’re okay."
  },
  "WardenVex": {
	  "allowed": "Word is you’ve earned your place. Gate’s open.",
	  "denied":  "Gate’s shut. Make yourself useful and come back.",
	  "after_allowed": "Gate’s open — market’s ahead. Don’t make me regret it."
  },
  "SyndicateLeader": {
  "intro": "Scrapjack vouches for you. You want to make this place safer? I’ve got a coil problem.",
  "hook": "Raiders have been stripping coil housings. Bring me one intact fragment and I’ll owe you.",
  "turn_in": "Intact and unburnt. You did well. The Syndicate remembers favors.",
  "after_turn_in": "Market’s open to you. If you want more work, ask around.",
  "on_complete_rep": ["ScavengerSyndicate", 1.0]
  }

}
